,0,Y,2,3,4,5,6,7,8,X
0,0.311,-0.365,0.327,0.383,-0.519,-0.015,-0.713,0.183,0.515,0.951
1,0.125,0.657,-0.097,-0.341,-0.807,-0.527,-0.027,0.711,0.591,-0.515
2,0.499,-0.307,-0.395,0.067,0.761,-0.147,-0.501,0.015,0.267,0.109
3,-0.337,-0.105,0.455,0.267,-0.091,0.427,0.037,-0.221,-0.455,0.157
4,-0.139,-0.691,-0.287,-0.383,-0.899,0.415,0.899,-0.771,-0.593,-0.049
5,0.299,0.367,-0.505,0.855,0.399,-0.297,-0.883,0.867,0.973,-0.627
6,-0.451,-0.335,0.761,0.725,-0.293,0.469,-0.643,-0.241,-0.459,-0.075
7,-0.231,-0.951,-0.649,0.697,0.977,0.669,-0.985,-0.981,-0.839,0.191
8,-0.349,-0.193,0.141,0.169,-0.373,0.373,0.143,-0.243,-0.381,0.475
9,0.421,-0.403,0.867,0.151,0.597,-0.027,-0.633,0.225,0.369,0.219
10,-0.151,0.679,0.549,0.047,-0.319,-0.395,-0.687,0.433,0.581,-0.797
11,-0.709,-0.385,-0.727,0.505,-0.493,0.755,0.339,-0.447,-0.851,0.637
12,-0.605,-0.747,-0.733,0.619,-0.219,0.957,0.661,-0.971,-0.985,0.105
13,-0.101,0.715,0.545,-0.773,-0.611,-0.413,0.601,0.299,0.543,-0.525
14,0.463,0.845,0.477,-0.623,0.741,-0.789,-0.101,0.313,0.703,-0.469
15,0.507,-0.429,-0.235,0.761,0.139,-0.177,-0.969,0.213,-0.555,0.557
16,0.657,-0.345,-0.469,-0.419,-0.581,-0.277,0.187,0.191,-0.373,0.959
17,0.805,0.735,0.373,-0.597,0.505,-0.839,-0.581,-0.139,0.823,-0.993
18,-0.009,0.365,-0.233,-0.299,-0.291,-0.473,-0.321,-0.193,-0.451,-0.483
19,0.361,0.267,0.847,-0.631,0.189,-0.317,0.443,-0.703,-0.867,-0.691
20,0.191,0.757,0.527,-0.291,0.099,-0.705,-0.787,0.101,0.921,-0.855
21,-0.023,-0.735,-0.315,0.961,-0.703,0.553,-0.561,-0.879,-0.681,0.673
22,-0.755,0.379,-0.499,0.611,0.095,0.551,0.049,-0.013,0.943,-0.953
23,-0.909,-0.171,-0.017,0.767,-0.587,0.925,0.971,-0.545,-0.407,-0.543
24,-0.847,0.227,0.907,0.271,-0.693,0.869,0.585,0.171,0.663,0.533
25,0.189,0.133,-0.005,-0.083,-0.599,-0.225,0.147,0.809,0.709,0.739
26,0.761,-0.943,-0.221,-0.097,-0.049,-0.173,-0.869,-0.809,-0.657,0.967
27,-0.531,-0.137,0.181,0.835,0.467,0.529,0.215,0.493,0.599,0.369
28,-0.431,0.949,-0.999,-0.329,0.831,-0.045,0.801,0.445,0.653,-0.613
29,0.613,-0.315,0.425,0.423,0.319,-0.159,-0.935,0.491,0.713,0.329
30,-0.413,0.031,0.451,-0.439,-0.625,0.231,0.913,0.303,-0.347,0.231
31,0.695,-0.989,-0.651,-0.181,-0.539,0.175,0.703,-0.979,-0.995,0.999
32,0.165,-0.653,-0.789,0.661,0.769,0.071,-0.589,0.315,-0.425,0.745
33,0.635,-0.331,-0.015,0.249,0.797,-0.215,-0.231,0.987,0.049,0.937
34,-0.229,-0.693,-0.263,0.481,-0.301,0.463,0.031,-0.519,-0.767,0.873
35,-0.507,0.947,0.355,0.353,0.779,-0.125,0.169,0.643,0.607,-0.737
36,-0.913,0.037,0.937,0.439,-0.247,0.485,-0.221,-0.051,0.883,-0.281
37,-0.661,0.443,-0.365,0.883,-0.877,0.295,-0.375,0.655,0.681,-0.229
38,-0.175,0.725,0.857,-0.529,-0.081,-0.249,0.641,0.683,0.617,0.055
39,-0.437,0.933,-0.599,0.227,0.375,-0.299,0.163,0.873,0.523,-0.819
40,0.469,-0.049,0.391,0.263,0.047,-0.199,-0.941,0.441,0.345,-0.147
41,-0.351,-0.039,0.887,0.757,-0.321,0.243,-0.453,0.665,0.481,0.713
42,0.227,0.073,-0.257,-0.475,-0.933,-0.231,0.253,0.055,0.099,0.087
43,0.865,0.345,0.701,-0.897,-0.457,-0.919,-0.759,0.915,0.557,-0.221
44,-0.601,0.539,-0.723,0.191,-0.505,0.211,0.479,0.669,0.075,0.243
45,0.921,0.149,-0.229,-0.593,0.849,-0.943,-0.875,0.343,0.041,0.111
46,-0.867,0.151,-0.979,0.539,-0.567,0.763,0.251,0.105,-0.027,-0.535
47,0.213,0.537,-0.459,-0.313,-0.795,-0.479,-0.223,0.187,0.371,-0.581
48,-0.875,0.807,0.377,0.311,-0.855,0.363,0.613,0.419,0.741,-0.935
49,-0.055,-0.141,0.885,-0.397,0.427,0.159,0.917,0.045,0.827,0.553
50,-0.777,-0.423,-0.739,0.405,0.163,0.973,0.951,-0.307,-0.165,0.725
51,0.705,-0.969,-0.675,-0.927,0.633,-0.227,-0.045,-0.963,-0.955,0.611
52,-0.343,-0.035,-0.613,0.207,-0.759,0.297,0.029,0.043,0.379,0.619
53,-0.665,-0.255,0.127,0.567,-0.655,0.673,-0.479,-0.365,0.085,0.223
54,0.739,0.363,-0.993,-0.969,0.671,-0.901,-0.113,0.367,0.193,0.267
55,0.175,-0.917,0.065,-0.065,-0.205,0.423,0.777,-0.481,-0.273,0.781
56,-0.859,-0.099,0.997,0.501,-0.153,0.861,0.741,0.025,0.119,0.635
57,-0.519,0.893,0.121,0.157,-0.735,-0.109,0.455,0.777,0.493,-0.847
58,-0.347,-0.849,-0.565,0.441,-0.623,0.547,0.207,-0.715,-0.757,0.989
59,-0.689,-0.519,0.629,0.693,-0.145,0.671,0.321,-0.293,-0.117,0.729
60,-0.793,-0.321,-0.137,0.515,0.107,0.927,0.921,-0.351,-0.253,0.093
61,-0.407,-0.377,0.243,0.275,-0.681,0.465,-0.511,0.051,0.427,0.491
62,-0.109,-0.253,-0.917,-0.071,-0.797,0.043,-0.415,-0.047,-0.385,0.717
63,0.915,-0.215,-0.425,-0.891,-0.781,-0.801,-0.623,0.075,0.321,0.681
64,-0.589,0.909,-0.637,0.535,-0.335,-0.133,0.041,0.691,0.483,-0.843
65,-0.201,-0.047,0.745,0.291,0.835,0.305,0.027,-0.997,-0.973,-0.549
66,0.157,0.885,0.731,-0.171,-0.139,-0.595,-0.299,0.617,0.387,-0.925
67,-0.449,0.079,-0.857,0.479,-0.851,0.229,0.317,0.261,-0.063,0.573
68,0.005,0.989,0.977,-0.267,0.673,-0.513,0.697,0.983,0.971,-0.723
69,0.737,0.675,-0.689,-0.497,-0.273,-0.921,-0.461,0.455,0.039,-0.617
70,-0.663,0.545,0.711,0.309,-0.125,-0.065,-0.325,0.651,0.587,-0.555
71,-0.595,-0.263,0.071,0.149,-0.079,0.499,0.191,-0.397,-0.497,0.305
72,-0.399,-0.765,0.371,0.973,-0.279,0.845,0.551,-0.883,-0.809,0.483
73,-0.677,0.147,0.143,0.617,-0.387,0.487,-0.131,-0.547,-0.141,-0.679
74,0.263,0.903,0.689,-0.427,0.591,-0.833,-0.009,0.945,0.955,-0.405
75,-0.853,-0.453,-0.009,0.633,-0.201,0.895,0.581,-0.585,-0.803,0.521
76,0.825,0.677,-0.519,-0.953,0.623,-0.993,-0.697,0.389,0.407,-0.827
77,0.733,0.597,-0.841,-0.831,0.775,-0.623,0.617,0.361,0.185,0.123
78,-0.331,-0.603,0.889,0.093,-0.869,0.721,-0.389,-0.759,-0.427,-0.101
79,-0.911,0.109,0.415,0.523,-0.491,0.779,0.201,-0.165,-0.603,-0.047
80,-0.061,-0.617,-0.803,0.615,-0.323,0.369,-0.155,-0.353,-0.519,0.913
81,-0.273,0.001,0.643,-0.641,-0.819,0.065,0.849,-0.011,-0.053,-0.117
82,-0.737,-0.107,-0.493,0.825,-0.413,0.639,0.669,0.237,-0.095,0.863
83,0.815,0.617,-0.329,-0.031,0.419,-0.807,-0.695,0.955,0.503,-0.655
84,0.259,0.049,-0.065,-0.123,-0.799,-0.235,-0.851,0.127,0.213,-0.235
85,0.923,0.205,0.915,-0.703,0.115,-0.879,-0.525,0.883,0.751,0.129
86,-0.299,0.391,0.667,0.613,-0.031,0.063,-0.549,0.753,0.725,-0.227
87,0.305,-0.055,0.319,-0.095,0.335,-0.193,-0.577,-0.367,0.017,-0.277
88,0.907,-0.113,0.613,-0.525,0.395,-0.701,-0.339,0.625,-0.093,0.603
89,-0.077,0.991,-0.829,-0.339,0.971,-0.617,0.465,0.957,0.383,-0.879
90,0.913,-0.235,-0.201,-0.559,-0.103,-0.687,-0.405,0.165,-0.107,0.841
91,-0.645,-0.323,-0.751,0.495,-0.817,0.781,-0.139,-0.769,-0.351,-0.363
92,0.467,-0.491,0.639,0.921,0.719,0.061,-0.731,-0.525,-0.965,0.027
93,-0.447,0.843,-0.177,-0.147,-0.367,-0.253,0.677,0.289,0.927,-0.801
94,-0.685,0.777,-0.777,0.419,0.213,0.079,0.035,0.605,0.571,-0.703
95,0.817,-0.535,-0.495,-0.847,-0.863,-0.375,0.071,-0.709,-0.461,0.211
96,0.621,-0.059,0.017,-0.727,-0.195,-0.311,0.915,-0.185,0.411,0.143
97,0.321,0.565,-0.357,-0.723,0.195,-0.425,0.813,-0.523,-0.435,-0.899
98,0.363,0.405,-0.719,-0.495,-0.193,-0.679,-0.439,-0.163,0.051,-0.499
99,-0.005,0.603,-0.715,-0.209,0.901,-0.423,-0.019,0.565,0.421,0.017
100,0.633,0.107,0.145,-0.017,-0.337,-0.507,-0.813,0.803,0.733,-0.139
101,-0.529,0.295,-0.987,0.197,-0.649,0.435,0.007,0.029,0.665,-0.729
102,-0.197,0.181,0.501,0.669,0.193,0.267,0.137,0.579,0.223,0.279
103,-0.905,-0.439,-0.757,0.667,-0.277,0.977,0.825,-0.655,-0.847,-0.007
104,-0.295,-0.695,-0.969,0.723,-0.673,0.735,-0.533,-0.893,-0.589,0.405
105,0.377,0.619,0.031,-0.425,-0.371,-0.731,-0.847,-0.055,0.893,-0.887
106,-0.815,-0.131,0.083,0.851,-0.925,0.679,-0.539,-0.371,-0.541,0.317
107,-0.315,0.421,-0.927,-0.063,-0.295,0.161,0.333,-0.455,-0.223,-0.983
108,-0.943,0.525,0.189,0.257,-0.057,0.489,0.755,0.521,0.043,-0.181
109,-0.265,-0.657,-0.973,-0.161,0.471,0.693,0.483,-0.257,-0.943,0.741
110,-0.393,0.123,-0.149,0.027,-0.733,0.323,0.235,-0.399,-0.251,-0.941
111,-0.571,-0.649,-0.615,0.089,0.537,0.879,0.621,-0.361,-0.759,0.653
112,0.119,-0.837,0.151,0.427,0.871,0.407,-0.259,-0.593,-0.521,0.445
113,-0.725,-0.151,0.587,0.911,-0.755,0.851,0.217,-0.725,-0.895,-0.683
114,0.395,-0.795,0.329,0.923,0.913,0.361,-0.309,0.027,0.141,0.901
115,-0.227,0.289,0.905,0.261,0.437,0.035,0.023,-0.419,-0.937,-0.633
116,0.203,0.025,-0.181,0.533,-0.603,-0.101,-0.831,0.545,0.847,-0.327
117,0.933,0.323,-0.399,-0.599,0.973,-0.847,-0.717,0.057,0.059,-0.123
118,0.419,-0.983,0.093,-0.109,0.423,-0.063,-0.153,-0.851,-0.785,0.865
119,0.535,0.485,0.049,-0.893,0.935,-0.781,0.577,0.765,0.573,0.609
120,0.887,-0.179,0.381,-0.807,0.383,-0.813,-0.529,-0.079,-0.113,0.323
121,0.655,-0.707,-0.485,-0.473,0.243,-0.355,-0.491,-0.601,-0.667,0.547
122,-0.291,0.005,0.863,0.993,0.291,0.069,-0.957,0.745,0.797,-0.029
123,-0.765,0.427,-0.381,0.939,-0.721,0.279,-0.047,0.215,0.303,-0.215
124,-0.293,0.511,0.621,-0.307,-0.787,-0.099,0.155,0.943,0.629,0.159
125,0.957,-0.811,0.529,-0.359,0.783,-0.601,-0.959,-0.121,0.009,0.671
126,-0.143,-0.785,0.435,0.775,-0.157,0.541,-0.649,-0.787,-0.993,0.991
127,0.149,0.563,-0.851,-0.279,0.899,-0.427,-0.411,-0.291,0.915,-0.895
128,-0.585,-0.963,-0.359,0.361,0.805,0.941,0.421,-0.943,-0.795,0.977
129,-0.457,-0.625,-0.815,0.995,0.281,0.969,0.239,-0.747,-0.703,0.213
130,-0.807,0.051,0.635,0.077,-0.637,0.603,-0.049,0.297,0.639,0.701
131,0.205,0.471,0.859,-0.125,-0.015,-0.289,-0.237,0.773,0.545,-0.035
132,0.003,-0.409,0.015,0.865,0.237,0.251,-0.353,-0.339,-0.183,0.537
133,0.939,-0.923,0.397,-0.695,0.665,-0.511,-0.317,-0.563,-0.939,0.971
134,0.751,-0.955,-0.003,-0.901,0.745,-0.391,0.091,-0.831,-0.953,0.883
135,0.603,0.639,-0.209,-0.911,0.373,-0.955,-0.335,0.129,0.905,-0.433
136,0.041,-0.911,-0.063,0.099,-0.097,0.607,0.817,-0.623,-0.469,0.839
137,0.591,0.399,0.561,-0.413,-0.059,-0.749,-0.943,0.467,0.167,-0.441
138,-0.049,-0.173,0.533,-0.093,-0.349,0.107,-0.291,-0.269,-0.169,-0.097
139,0.901,0.273,-0.303,-0.753,-0.897,-0.923,-0.689,0.755,0.375,-0.265
140,-0.119,0.973,-0.905,-0.333,0.393,-0.575,0.411,0.571,0.861,-0.839
141,-0.453,-0.763,0.515,0.793,-0.517,0.677,-0.963,-0.915,-0.859,0.261
142,0.699,-0.433,0.557,-0.531,-0.115,-0.469,-0.163,0.189,-0.059,0.875
143,0.297,0.789,-0.087,-0.687,-0.147,-0.765,0.325,0.719,0.677,-0.249
144,-0.787,0.889,0.023,0.565,-0.289,0.113,0.535,0.721,0.969,-0.795
145,-0.611,-0.329,0.273,0.265,0.055,0.453,0.329,-0.961,-0.835,-0.275
146,-0.463,0.771,-0.657,0.469,-0.907,-0.151,0.003,0.907,0.243,-0.909
147,0.485,0.747,-0.693,-0.237,-0.141,-0.825,-0.735,0.383,-0.359,-0.559
148,-0.631,-0.683,-0.261,0.763,0.649,0.979,0.735,-0.789,-0.581,0.287
149,-0.915,-0.007,-0.959,0.179,-0.471,0.923,0.901,0.021,-0.175,0.341
150,-0.127,0.329,-0.673,0.711,0.881,-0.263,-0.751,0.717,0.925,-0.357
151,-0.509,-0.533,-0.355,0.155,-0.397,0.683,0.689,-0.633,-0.539,0.233
152,-0.389,0.139,0.051,0.461,0.413,0.341,0.061,0.501,0.249,0.229
153,0.931,0.143,0.347,-0.907,-0.105,-0.973,-0.467,0.953,0.817,0.463
154,-0.569,0.253,0.033,0.147,0.507,0.483,0.643,0.841,0.007,0.577
155,0.853,-0.289,0.369,-0.249,-0.069,-0.541,-0.225,0.741,0.291,0.891
156,0.843,0.547,0.803,-0.857,0.263,-0.935,-0.433,0.853,0.441,-0.115
157,-0.593,-0.391,0.173,-0.057,-0.901,0.593,0.257,-0.483,0.111,-0.271
158,-0.799,-0.249,-0.843,0.599,0.833,0.963,0.197,-0.783,-0.815,-0.717
159,-0.783,0.719,-0.513,0.471,0.699,0.271,0.075,0.265,0.945,-0.921
160,0.475,-0.851,-0.951,0.115,0.043,0.217,-0.823,-0.775,-0.837,0.669
161,-0.933,0.301,0.045,0.491,0.715,0.651,0.377,-0.385,-0.145,-0.937
162,0.839,-0.421,0.837,-0.589,0.501,-0.599,-0.181,-0.037,-0.073,0.687
163,-0.031,0.899,-0.273,-0.145,0.585,-0.597,-0.203,0.249,0.311,-0.825
164,0.579,-0.897,-0.837,-0.179,-0.657,-0.055,-0.423,-0.889,-0.981,0.649
165,0.425,0.177,0.607,0.053,0.143,-0.481,-0.987,0.429,-0.149,-0.209
166,0.707,-0.125,0.073,-0.733,-0.909,-0.871,-0.817,0.935,0.217,0.207
167,-0.763,-0.025,0.581,0.801,-0.723,0.583,0.167,-0.071,0.299,0.697
168,0.107,0.339,-0.393,-0.469,0.225,-0.409,0.353,0.373,-0.293,0.403
169,0.741,-0.389,-0.205,-0.515,-0.203,-0.455,0.117,0.071,-0.189,0.821
170,0.413,0.413,-0.145,-0.465,-0.991,-0.325,0.077,0.035,-0.205,-0.479
171,-0.371,0.291,0.379,-0.131,-0.815,0.001,-0.079,0.421,0.929,0.049
172,0.629,0.749,0.301,-0.697,0.421,-0.965,-0.377,0.929,0.775,-0.335
173,-0.191,-0.611,-0.501,0.949,-0.019,0.329,-0.171,-0.297,-0.229,0.957
174,0.647,-0.343,0.295,-0.577,-0.281,-0.367,0.437,0.163,-0.255,0.847
175,-0.433,-0.205,0.165,0.417,-0.313,0.461,-0.311,-0.389,-0.339,-0.339
176,-0.801,-0.447,-0.947,0.451,0.757,0.971,0.571,-0.061,0.403,0.131
177,0.131,-0.499,0.395,0.083,0.203,0.149,-0.275,-0.541,-0.983,0.209
178,-0.425,-0.325,-0.697,0.623,0.519,0.209,-0.775,-0.105,-0.195,-0.077
179,-0.379,-0.457,0.923,-0.241,-0.525,0.587,0.843,-0.637,-0.591,-0.409
180,0.249,-0.999,-0.195,-0.417,0.073,0.327,0.897,-0.951,-0.611,0.949
181,0.875,-0.313,0.511,-0.225,-0.577,-0.483,-0.727,0.847,0.989,0.513
182,-0.481,-0.281,0.159,0.837,-0.561,0.441,-0.537,-0.493,-0.397,0.367
183,0.353,0.993,0.459,-0.769,0.587,-0.851,0.699,0.863,0.541,-0.927
184,-0.141,-0.369,0.615,0.799,-0.037,0.179,-0.703,-0.099,-0.491,0.909
185,0.803,-0.525,-0.913,-0.253,0.417,-0.539,-0.701,0.567,-0.021,0.765
186,-0.125,0.935,0.965,-0.485,0.489,-0.753,0.129,0.597,0.767,-0.833
187,0.727,0.769,0.461,-0.407,0.845,-0.913,-0.385,0.949,0.559,-0.459
188,-0.497,0.153,0.229,0.235,-0.357,0.177,-0.443,-0.173,-0.413,-0.523
189,0.903,0.225,-0.601,-0.621,-0.893,-0.889,-0.531,0.693,0.325,-0.361
190,0.537,0.063,0.001,-0.197,0.959,-0.255,0.195,0.333,-0.077,0.339
191,-0.609,0.959,0.099,-0.301,0.093,-0.313,0.967,0.979,0.881,-0.259
192,-0.877,-0.061,-0.595,0.279,0.379,0.767,0.295,-0.153,-0.499,-0.323
193,-0.591,-0.885,-0.687,0.829,0.347,0.993,0.885,-0.681,-0.761,0.911
194,-0.181,0.259,-0.189,-0.011,0.425,-0.001,0.153,-0.175,-0.633,-0.141
195,-0.423,-0.485,-0.721,0.913,-0.993,0.563,-0.993,-0.407,-0.445,-0.217
196,-0.681,-0.211,-0.563,0.573,0.785,0.937,0.533,-0.569,-0.723,-0.539
197,0.229,0.029,-0.665,-0.177,0.221,-0.093,-0.037,-0.383,0.577,-0.113
198,0.515,-0.895,0.363,-0.519,0.051,-0.319,-0.351,-0.621,-0.283,0.885
199,-0.919,0.825,-0.461,0.187,0.111,0.397,0.883,0.555,0.815,-0.577
200,-0.893,-0.157,0.499,0.853,-0.861,0.797,-0.265,-0.503,0.097,-0.403
201,0.667,-0.961,-0.759,-0.737,0.477,0.219,0.589,-0.707,-0.695,0.851
202,-0.719,-0.521,-0.327,0.729,0.589,0.897,0.469,0.147,0.287,0.721
203,-0.993,0.637,0.601,0.925,0.985,0.743,0.711,0.731,0.963,-0.551
204,0.401,-0.023,-0.171,0.841,-0.121,-0.137,-0.601,0.601,0.211,0.391
205,0.405,0.495,0.069,-0.645,0.155,-0.349,0.765,-0.315,-0.677,-0.641
206,0.721,-0.881,-0.823,-0.609,-0.467,-0.361,-0.783,-0.909,-0.753,0.691
207,0.383,0.803,-0.309,-0.941,0.645,-0.977,-0.147,0.759,0.795,-0.311
208,0.829,-0.387,-0.131,-0.537,0.265,-0.293,0.417,-0.477,-0.941,0.117
209,-0.223,-0.441,0.027,-0.335,0.939,0.315,0.905,-0.603,-0.277,-0.015
210,0.837,0.535,-0.813,-0.265,-0.399,-0.907,-0.871,0.767,0.907,-0.675
211,-0.367,-0.939,-0.383,0.971,0.807,0.967,0.357,-0.729,-0.597,0.897
212,-0.245,-0.279,0.945,0.895,0.227,0.325,-0.755,0.123,0.241,0.077
213,0.981,-0.271,0.217,-0.909,-0.063,-0.891,-0.853,-0.145,0.073,0.357
214,0.455,-0.773,0.659,-0.899,0.123,-0.171,0.887,-0.647,-0.817,0.455
215,0.097,0.209,-0.117,-0.643,-0.095,-0.343,0.651,-0.305,0.067,-0.455
216,0.099,0.423,0.987,-0.917,-0.501,-0.489,0.413,-0.159,0.737,-0.647
217,0.987,-0.267,0.901,-0.707,0.817,-0.865,-0.981,0.019,-0.161,0.333
218,0.525,-0.101,0.693,-0.841,-0.697,-0.219,0.335,-0.135,-0.083,0.221
219,-0.953,0.937,-0.055,0.251,0.037,0.235,0.779,0.811,0.899,-0.389
220,0.911,-0.087,-0.749,-0.433,-0.263,-0.733,-0.373,0.589,-0.177,0.641
221,0.457,0.813,0.289,-0.543,0.465,-0.725,-0.043,0.395,0.429,-0.401
222,-0.329,-0.041,0.171,0.727,-0.751,0.223,-0.983,0.113,-0.535,-0.995
223,0.575,0.171,-0.555,-0.581,0.315,-0.699,-0.431,-0.141,0.457,-0.351
224,0.691,-0.637,0.087,-0.521,0.069,-0.295,-0.367,-0.529,-0.635,0.281
225,0.617,0.027,-0.407,-0.973,-0.957,-0.619,0.547,0.379,0.473,0.685
226,-0.691,-0.373,0.785,0.885,-0.485,0.687,-0.489,-0.573,-0.699,0.139
227,-0.697,-0.259,-0.471,0.307,0.457,0.831,0.545,-0.427,-0.215,-0.127
228,-0.003,-0.339,0.625,0.915,-0.303,0.459,-0.573,-0.509,-0.697,0.133
229,0.489,-0.703,0.341,0.041,0.253,-0.207,-0.571,-0.317,-0.419,0.737
230,0.835,0.281,0.853,-0.877,-0.715,-0.689,-0.319,0.607,0.563,-0.149
231,-0.639,0.061,0.571,0.305,-0.445,0.699,-0.005,0.251,0.377,0.249
232,-0.071,-0.161,-0.557,0.807,0.025,0.119,-0.475,-0.057,-0.547,0.523
233,-0.369,0.599,0.281,-0.091,0.091,0.039,0.477,-0.093,-0.015,-0.681
234,0.187,-0.091,-0.079,-0.619,-0.209,0.007,0.553,-0.849,-0.395,-0.661
235,-0.975,0.167,0.695,0.107,-0.261,0.833,0.851,0.243,0.305,0.539
236,0.171,0.249,-0.883,-0.373,0.483,-0.603,-0.503,-0.053,-0.553,-0.091
237,0.769,0.243,-0.507,-0.677,-0.527,-0.693,-0.639,-0.417,-0.343,-0.867
238,-0.843,0.961,-0.621,0.455,-0.451,0.155,0.693,0.733,0.635,-0.805
239,0.883,0.041,0.413,-0.779,0.027,-0.741,0.011,0.143,0.317,0.253
240,-0.699,-0.027,0.251,0.345,-0.053,0.661,0.957,-0.029,0.235,0.155
241,0.393,-0.825,-0.337,0.189,0.045,0.077,-0.293,-0.955,-0.745,0.503
242,0.947,-0.675,0.763,-0.731,0.621,-0.691,-0.867,-0.375,-0.171,0.823
243,0.999,-0.659,-0.529,-0.967,-0.677,-0.627,-0.391,-0.335,-0.103,0.983
244,-0.797,0.441,-0.007,0.635,-0.191,0.613,0.743,0.337,0.177,-0.003
245,0.021,-0.891,-0.713,0.229,0.001,0.769,0.319,-0.825,-0.655,0.973
246,-0.887,0.589,0.559,0.295,0.667,0.437,0.685,0.111,-0.685,-0.399
247,-0.613,-0.553,0.811,0.593,-0.785,0.863,0.595,-0.941,-0.901,-0.093
248,0.367,-0.251,0.631,0.211,-0.951,-0.075,-0.947,0.939,0.601,0.101
249,0.565,-0.899,-0.907,-0.045,-0.341,-0.077,-0.677,-0.895,-0.659,0.733
250,0.809,0.347,-0.487,-0.781,0.015,-0.703,0.021,-0.287,0.207,-0.349
251,-0.901,-0.053,0.365,0.433,0.677,0.841,0.793,0.145,-0.663,0.185
252,0.459,-0.417,-0.427,0.133,-0.571,-0.047,-0.679,-0.263,-0.075,0.039
253,-0.711,0.371,0.829,0.937,0.983,0.523,0.173,-0.425,-0.045,-0.901
254,-0.441,-0.219,0.471,0.035,0.675,0.301,0.439,0.497,-0.119,0.757
255,-0.363,-0.111,0.547,0.453,-0.393,0.277,-0.463,0.509,-0.011,0.321
256,-0.523,-0.591,-0.783,0.899,0.083,0.709,-0.349,-0.679,-0.579,0.505
257,0.373,-0.501,-0.403,-0.169,-0.487,0.163,0.401,-0.321,-0.363,0.495
258,0.925,-0.367,0.237,-0.257,0.995,-0.737,-0.669,0.851,-0.061,0.469
259,-0.089,-0.665,-0.321,-0.163,0.581,0.513,0.761,-0.453,-0.295,0.397
260,0.039,-0.947,-0.477,0.553,0.643,0.573,-0.613,-0.649,-0.605,0.747
261,0.307,-0.783,0.703,-0.129,-0.065,0.067,-0.379,-0.467,-0.583,0.665
262,0.115,0.373,0.043,-0.627,-0.783,-0.211,0.931,0.321,0.913,0.025
263,0.089,-0.995,-0.901,-0.175,0.999,0.681,-0.447,-0.755,-0.997,0.857
264,0.047,-0.839,-0.411,0.627,-0.985,0.385,-0.889,-0.917,-0.951,0.859
265,-0.105,-0.337,0.995,0.055,0.811,0.247,0.101,0.205,0.281,0.461
266,-0.561,0.389,0.697,0.139,0.923,0.129,0.403,-0.247,0.469,-0.507
267,-0.409,-0.697,-0.559,-0.039,-0.745,0.727,0.963,-0.905,-0.733,0.071
268,-0.659,0.759,-0.019,0.863,0.219,0.141,-0.013,0.645,0.897,-0.473
269,0.069,-0.673,-0.701,0.043,-0.983,0.599,0.799,-0.475,-0.831,0.819
270,-0.027,0.247,-0.413,0.125,0.851,-0.287,-0.217,0.663,0.891,0.119
271,-0.165,-0.749,-0.623,0.651,-0.647,0.785,0.475,-0.583,-0.345,0.831
272,0.509,0.015,0.985,-0.351,0.663,-0.459,-0.429,0.003,0.313,-0.011
273,-0.015,-0.701,-0.941,-0.195,-0.231,0.589,0.501,-0.249,-0.485,0.855
274,0.221,0.541,-0.245,0.223,-0.389,-0.557,-0.929,0.635,0.451,-0.823
275,-0.183,-0.629,0.949,0.011,-0.695,0.555,-0.773,-0.017,-0.291,0.925
276,-0.063,0.831,0.573,-0.111,0.071,-0.561,-0.253,0.561,0.747,-0.719
277,0.409,0.631,-0.453,-0.365,-0.437,-0.559,0.337,0.825,0.293,0.163
278,-0.515,0.795,-0.379,-0.421,0.957,-0.145,0.907,0.181,0.149,-0.431
279,-0.195,0.293,0.875,0.561,0.209,0.013,-0.457,0.989,0.187,0.083
280,0.199,0.487,0.719,-0.357,0.609,-0.279,0.069,-0.381,-0.201,-0.615
281,0.121,0.809,0.081,-0.915,-0.257,-0.637,0.811,-0.027,0.401,-0.939
282,0.429,-0.577,-0.861,-0.833,0.827,-0.049,0.683,-0.815,-0.807,0.015
283,-0.693,0.043,0.313,0.607,0.737,0.747,0.419,0.121,0.633,-0.073
284,-0.187,0.019,0.483,0.943,0.017,0.257,0.237,0.877,0.727,0.773
285,0.749,0.009,0.551,-0.875,-0.849,-0.727,-0.331,0.641,0.477,0.257
286,0.863,-0.119,-0.047,-0.887,0.003,-0.549,0.879,0.227,0.597,0.679
287,-0.285,0.137,-0.013,0.631,-0.805,0.253,-0.707,0.283,-0.111,-0.771
288,-0.977,0.257,-0.573,0.457,-0.217,0.951,0.977,0.347,-0.049,0.441
289,0.771,-0.057,-0.029,-0.191,-0.177,-0.417,-0.039,0.543,0.053,0.683
290,0.145,-0.459,0.599,-0.343,-0.071,0.145,0.131,-0.779,-0.619,-0.065
291,-0.695,0.233,0.961,0.673,-0.249,0.365,-0.653,0.457,0.609,-0.635
292,0.605,-0.305,0.337,-0.853,-0.369,-0.365,0.523,-0.469,-0.933,0.255
293,0.709,-0.599,-0.437,-0.053,0.595,-0.017,-0.629,-0.731,-0.481,-0.027
294,-0.959,0.621,0.537,0.749,0.749,0.659,0.491,0.591,0.405,-0.579
295,0.117,0.979,-0.049,-0.449,0.357,-0.581,0.933,0.619,0.621,-0.913
296,-0.831,-0.451,-0.703,0.443,0.251,0.939,0.527,-0.413,-0.559,0.349
297,-0.259,-0.871,0.349,0.391,0.889,0.753,0.593,-0.959,-0.879,0.309
298,-0.153,0.175,-0.645,-0.061,0.161,-0.009,-0.487,-0.559,-0.225,-0.945
299,-0.235,-0.475,-0.921,0.587,-0.659,0.333,-0.763,-0.651,-0.649,0.417
300,0.851,0.607,0.593,-0.991,0.743,-0.953,-0.901,-0.229,-0.029,-0.747
301,-0.811,-0.081,-0.339,0.355,-0.889,0.695,0.633,-0.091,0.619,0.379
302,-0.679,-0.581,0.569,0.957,0.475,0.805,0.521,-0.611,-0.777,0.149
303,0.645,0.743,-0.853,-0.655,0.009,-0.855,-0.117,0.301,-0.505,-0.511
304,0.371,0.415,-0.875,0.097,-0.675,-0.433,-0.907,0.259,0.837,-0.619
305,0.977,-0.803,-0.643,-0.947,0.567,-0.697,-0.797,-0.337,0.027,0.779
306,-0.921,0.805,-0.191,0.473,-0.741,0.331,0.599,0.681,0.337,-0.427
307,-0.173,-0.755,0.645,-0.199,-0.035,0.197,0.399,-0.813,-0.653,0.183
308,-0.277,-0.563,-0.639,0.621,0.217,0.565,-0.485,-0.431,-0.571,0.067
309,-0.577,0.321,-0.695,0.703,0.103,0.213,-0.327,0.519,0.157,-0.105
310,0.631,0.649,-0.325,-0.761,0.637,-0.999,-0.671,0.997,0.295,-0.721
311,-0.879,0.169,0.855,0.003,-0.297,0.725,0.629,0.479,0.661,0.709
312,0.879,0.419,-0.915,-0.751,-0.251,-0.861,-0.183,0.149,-0.055,0.011
313,0.559,0.927,-0.603,-0.859,0.829,-0.929,-0.145,0.133,0.363,-0.907
314,0.015,-0.739,-0.995,-0.153,-0.821,0.261,0.281,-0.343,-0.645,0.879
315,0.955,0.111,-0.885,-0.829,0.097,-0.899,-0.803,-0.349,-0.409,-0.319
316,0.197,-0.515,0.409,-0.395,-0.411,0.015,-0.031,-0.239,0.673,0.545
317,-0.979,0.701,0.955,0.103,-0.931,0.537,0.675,0.525,0.273,-0.495
318,-0.825,0.431,-0.043,0.745,-0.971,0.759,0.895,0.257,0.525,-0.343
319,-0.503,-0.967,-0.511,0.363,0.893,0.935,0.205,-0.727,-0.623,0.827
320,0.359,0.835,0.543,-0.939,0.931,-0.769,0.673,0.415,0.939,-0.189
321,0.871,-0.631,0.967,-0.725,-0.363,-0.551,-0.897,-0.097,0.151,0.809
322,0.219,-0.799,-0.099,0.575,-0.563,0.525,-0.029,-0.723,-0.989,0.877
323,-0.749,0.411,-0.625,0.935,0.241,0.403,0.229,0.737,0.783,0.023
324,-0.795,-0.445,-0.983,0.387,0.363,0.953,0.559,-0.487,-0.135,0.099
325,0.611,-0.623,-0.619,-0.809,-0.905,-0.167,0.517,-0.935,-0.947,0.137
326,0.095,-0.507,0.255,0.273,0.275,0.249,0.005,-0.103,-0.311,0.575
327,-0.861,0.651,-0.691,0.699,0.021,0.559,0.723,0.937,0.641,-0.067
328,0.265,0.521,-0.219,-0.637,0.053,-0.607,0.511,0.047,0.169,-0.247
329,0.415,0.983,0.947,-0.441,0.509,-0.767,0.287,0.959,0.841,-0.903
330,0.137,-0.975,-0.923,-0.119,0.647,0.503,-0.207,-0.673,-0.727,0.945
331,0.527,0.709,0.357,0.057,0.385,-0.723,-0.693,0.799,0.931,-0.883
332,-0.513,-0.473,0.623,0.931,-0.627,0.741,0.157,-0.665,-0.959,0.481
333,0.619,-0.503,-0.307,-0.055,-0.423,-0.157,-0.441,-0.259,-0.239,0.517
334,-0.083,-0.867,0.481,0.785,0.199,0.625,-0.513,-0.989,-0.921,0.543
335,0.111,0.683,-0.441,-0.133,0.583,-0.387,0.151,0.875,0.611,0.181
336,0.505,0.467,-0.553,-0.843,-0.853,-0.829,0.383,0.833,0.657,-0.063
337,-0.753,-0.465,0.707,0.803,-0.353,0.775,0.141,-0.857,-0.891,0.415
338,-0.401,-0.197,0.683,0.559,-0.941,0.391,-0.881,0.611,0.829,-0.243
339,-0.895,0.183,-0.085,0.871,-0.167,0.737,0.473,-0.617,-0.813,-0.713
340,-0.459,-0.919,-0.207,0.719,0.853,0.997,0.919,-0.937,-0.881,0.535
341,-0.035,-0.317,0.619,0.255,0.981,0.255,0.125,0.817,0.123,0.963
342,-0.579,-0.191,0.579,-0.019,0.725,0.431,0.935,-0.409,-0.495,-0.055
343,-0.051,0.779,0.443,-0.615,-0.615,-0.675,0.171,0.837,0.465,-0.607
344,0.257,0.883,0.637,-0.523,0.735,-0.835,-0.017,0.623,0.459,-0.561
345,-0.177,-0.201,-0.661,0.557,-0.691,0.187,0.111,0.009,0.297,0.843
346,-0.435,-0.407,0.661,0.733,-0.495,0.641,-0.605,-0.625,-0.833,-0.765
347,0.785,-0.937,-0.101,0.203,0.459,-0.073,-0.999,-0.795,-0.945,0.605
348,0.895,-0.297,0.179,-0.801,-0.765,-0.397,-0.471,-0.571,0.471,-0.163
349,0.967,-0.285,0.815,-0.777,-0.267,-0.763,-0.583,0.449,0.659,0.735
350,0.765,0.197,0.753,-0.409,0.787,-0.667,-0.617,0.241,-0.007,0.073
351,-0.461,0.995,0.699,0.205,0.137,-0.243,0.541,0.775,0.361,-0.969
352,0.253,0.739,-0.073,-0.823,-0.269,-0.663,0.493,0.097,0.669,-0.623
353,-0.495,0.127,0.261,-0.089,-0.839,0.539,0.623,0.087,-0.017,-0.169
354,-0.467,-0.509,-0.785,0.117,0.891,0.825,0.487,-0.867,-0.787,-0.267
355,-0.995,0.381,0.685,0.343,-0.229,0.827,0.949,0.885,0.707,0.633
356,0.495,-0.115,-0.265,0.827,-0.325,-0.155,-0.413,0.639,0.013,0.807
357,0.481,-0.571,0.325,-0.235,0.909,-0.033,-0.121,-0.829,-0.845,0.091
358,-0.135,-0.931,-0.659,0.323,0.005,0.649,0.303,-0.835,-0.735,0.955
359,-0.309,-0.189,0.687,0.357,0.605,0.309,0.013,-0.107,-0.191,-0.013
360,0.927,-0.411,0.079,-0.977,-0.083,-0.651,0.265,-0.235,-0.039,0.623
361,0.453,0.297,-0.561,-0.701,0.603,-0.533,0.519,0.311,0.555,0.241
362,-0.323,0.911,0.807,-0.015,0.731,-0.285,0.347,0.411,0.675,-0.593
363,-0.075,0.239,-0.831,-0.189,0.023,-0.087,0.269,-0.119,-0.417,-0.025
364,0.261,0.275,-0.967,0.339,0.077,-0.229,-0.911,0.179,0.549,-0.649
365,-0.505,0.129,-0.451,0.313,-0.719,0.471,0.285,0.017,0.527,0.471
366,0.037,0.755,0.437,-0.297,-0.739,-0.553,-0.251,0.541,0.803,-0.947
367,-0.535,0.351,0.941,-0.205,-0.215,0.049,0.113,0.233,0.205,-0.021
368,0.477,0.963,0.201,-0.993,0.825,-0.927,0.297,0.309,0.779,-0.761
369,-0.549,-0.941,-0.377,0.889,0.611,0.961,0.135,-0.977,-0.935,0.801
370,0.753,-0.823,-0.653,-0.561,0.345,-0.337,-0.243,-0.333,-0.383,0.837
371,0.017,-0.463,0.757,-0.387,-0.779,0.477,0.293,-0.323,-0.377,0.041
372,0.649,-0.827,0.095,-0.459,-0.233,-0.111,-0.055,-0.973,-0.781,0.173
373,-0.345,-0.393,-0.281,0.789,-0.763,0.561,-0.195,-0.643,-0.561,0.663
374,0.511,0.279,0.517,-0.541,-0.711,-0.615,-0.989,-0.117,-0.099,-0.791
375,0.953,0.493,-0.543,-0.895,-0.299,-0.945,-0.403,-0.021,-0.207,-0.413
376,-0.421,0.555,0.323,-0.363,-0.601,-0.187,0.531,0.173,0.825,-0.531
377,-0.731,0.185,0.303,0.929,-0.395,0.335,-0.419,0.119,-0.479,-0.037
378,-0.355,-0.987,-0.443,0.843,0.963,0.867,-0.745,-0.907,-0.927,0.731
379,0.593,0.483,-0.199,-0.675,0.297,-0.797,-0.937,-0.539,0.069,-0.987
380,0.811,-0.419,0.253,0.037,-0.029,-0.441,-0.971,0.587,0.937,0.519
381,-0.489,-0.075,0.493,0.909,0.855,0.375,-0.261,0.207,0.579,-0.031
382,0.319,0.269,0.665,-0.611,-0.685,-0.357,-0.133,-0.213,-0.431,-0.565
383,0.333,0.925,-0.141,-0.429,0.031,-0.609,0.549,0.887,0.701,-0.425
384,0.503,0.215,0.131,-0.867,-0.361,-0.329,0.717,-0.777,-0.297,-0.645
385,-0.983,0.503,0.823,0.379,-0.725,0.853,0.999,0.629,0.757,-0.347
386,-0.081,-0.009,0.047,-0.451,-0.845,0.193,0.961,-0.095,0.229,-0.191
387,0.035,-0.869,0.791,-0.405,-0.005,0.097,0.249,-0.463,-0.793,0.723
388,-0.317,0.573,-0.891,-0.571,0.991,-0.095,0.587,-0.695,-0.389,-0.815
389,-0.073,-0.247,0.959,-0.595,-0.879,0.109,0.259,-0.113,0.331,0.097
390,0.235,-0.953,-0.143,-0.005,0.721,0.265,-0.109,-0.877,-0.883,0.817
391,0.859,-0.805,0.883,-0.535,0.733,-0.477,-0.065,-0.279,-0.259,0.889
392,0.215,-0.121,-0.737,-0.563,0.479,-0.019,0.513,-0.929,-0.585,-0.631
393,0.343,-0.231,0.361,-0.069,0.965,-0.323,-0.247,0.659,0.455,0.467
394,0.599,0.629,0.433,-0.115,0.563,-0.817,-0.895,0.499,0.409,-0.605
395,-0.237,0.897,0.153,0.325,0.681,-0.217,0.225,0.999,0.419,-0.471
396,0.423,-0.915,0.271,0.175,0.993,0.139,-0.297,-0.411,-0.065,0.905
397,-0.773,0.783,-0.367,0.525,-0.425,-0.011,-0.069,0.475,0.165,-0.917
398,-0.635,-0.569,-0.663,0.543,0.235,0.921,0.341,-0.683,-0.963,0.549
399,-0.137,-0.751,0.055,0.521,-0.017,0.413,-0.953,-0.957,-0.975,-0.481
400,-0.097,-0.717,-0.335,-0.227,-0.351,0.505,0.975,-0.719,-0.855,0.169
401,-0.095,0.161,-0.791,-0.137,-0.705,-0.129,-0.107,-0.245,0.011,-0.309
402,0.101,-0.147,0.715,-0.347,-0.913,0.147,-0.071,-0.691,-0.185,-0.963
403,0.993,-0.925,0.411,-0.885,0.739,-0.583,-0.061,-0.577,-0.557,0.887
404,0.831,0.723,0.773,-0.649,0.321,-0.947,-0.833,0.481,0.759,-0.837
405,0.893,-0.729,0.895,-0.309,-0.013,-0.175,-0.753,-0.123,-0.081,0.785
406,0.513,0.613,-0.341,-0.805,0.679,-0.721,0.233,-0.111,0.199,-0.315
407,0.731,-0.977,0.123,-0.283,0.377,-0.089,0.277,-0.887,-0.923,0.797
408,-0.167,0.087,0.241,-0.353,-0.119,-0.223,0.033,-0.081,-0.151,0.035
409,0.773,-0.903,0.589,-0.759,-0.027,-0.091,0.821,-0.543,-0.331,0.813
410,-0.961,0.793,0.315,0.545,-0.621,0.319,0.425,0.893,0.627,-0.303
411,0.589,-0.993,-0.243,-0.221,0.545,-0.061,-0.483,-0.805,-0.533,0.995
412,0.823,0.707,-0.075,-0.845,-0.061,-0.939,-0.081,0.473,0.685,-0.763
413,0.365,0.319,0.839,0.403,0.087,-0.203,-0.749,0.661,0.079,-0.595
414,0.759,-0.601,0.943,-0.477,0.285,-0.291,-0.127,-0.271,-0.241,0.507
415,0.427,0.849,0.999,-0.567,0.323,-0.809,-0.359,0.221,0.889,-0.871
416,-0.935,0.285,0.845,0.503,0.799,0.859,0.953,0.471,0.105,-0.017
417,-0.789,-0.293,-0.765,0.955,-0.405,0.929,0.315,-0.721,-0.261,0.115
418,-0.751,-0.065,0.419,0.269,-0.651,0.875,0.857,-0.161,-0.387,-0.009
419,0.551,0.333,0.917,-0.545,-0.151,-0.505,-0.395,0.453,0.161,0.205
420,-0.115,-0.443,-0.283,0.225,-0.885,0.611,-0.337,-0.531,-0.545,-0.177
421,0.777,-0.363,-0.975,-0.755,0.695,-0.711,-0.569,0.157,0.399,0.629
422,0.345,-0.949,-0.035,0.073,0.793,0.289,0.115,-0.885,-0.683,0.753
423,-0.099,0.203,0.155,0.221,-0.067,-0.153,-0.919,-0.199,0.687,-0.779
424,0.411,-0.001,0.225,-0.151,-0.161,-0.303,-0.023,0.495,0.683,0.625
425,-0.673,0.155,-0.053,0.297,0.333,0.443,0.107,-0.597,0.495,-0.693
426,-0.121,0.829,-0.023,0.021,0.755,-0.509,-0.073,0.789,0.499,-0.381
427,0.743,-0.379,-0.319,-0.371,-0.669,-0.463,-0.811,-0.039,-0.549,0.501
428,-0.271,0.513,0.103,0.247,0.149,0.105,0.043,-0.281,-0.437,-0.773
429,0.031,-0.757,-0.165,-0.467,0.527,0.263,0.875,-0.535,-0.433,0.433
430,-0.209,-0.529,0.505,0.731,0.821,0.501,0.019,0.109,-0.287,0.373
431,-0.419,0.593,0.841,0.303,0.565,0.011,-0.051,0.417,-0.147,-0.391
432,0.673,0.313,-0.401,-0.261,0.773,-0.389,-0.087,0.023,0.699,0.005
433,0.239,0.695,0.197,-0.503,0.287,-0.653,-0.165,0.041,0.087,-0.541
434,-0.131,0.199,0.793,0.105,0.065,-0.021,-0.445,0.451,0.583,0.021
435,-0.769,0.667,-0.259,0.143,-0.835,0.115,0.343,0.295,0.413,-0.809
436,0.961,-0.607,-0.755,-0.711,0.997,-0.497,-0.873,-0.891,-0.775,-0.071
437,-0.091,-0.909,-0.617,0.219,-0.535,0.731,0.709,-0.881,-0.577,0.867
438,0.341,0.643,0.899,-0.673,-0.185,-0.773,-0.301,0.781,-0.009,-0.411
439,-0.745,0.013,-0.989,0.839,-0.235,0.913,0.241,-0.181,-0.315,-0.059
440,0.609,-0.753,-0.317,-0.173,-0.433,-0.163,-0.779,-0.705,-0.305,0.771
441,-0.149,-0.971,0.343,0.285,-0.169,0.803,0.841,-0.999,-0.905,0.763
442,-0.521,0.501,0.037,-0.079,-0.381,0.053,0.395,-0.265,0.453,-0.767
443,0.969,-0.185,0.541,-0.855,0.215,-0.937,-0.933,0.153,0.045,0.371
444,-0.761,-0.399,-0.457,0.751,-0.435,0.855,0.093,-0.903,-0.715,-0.083
445,-0.373,0.383,0.113,0.199,0.239,0.151,0.307,0.487,0.251,0.125
446,-0.931,0.751,0.833,0.071,-0.871,0.321,0.727,0.461,0.869,-0.741
447,-0.499,0.817,0.297,-0.027,-0.583,-0.069,0.791,0.993,0.595,-0.109
448,0.443,0.811,0.353,-0.851,0.181,-0.811,-0.015,-0.133,0.093,-0.979
449,-0.955,0.801,0.765,0.603,-0.033,0.635,0.865,0.573,0.341,-0.783
450,0.271,-0.883,-0.873,0.165,-0.575,0.371,0.067,-0.923,-0.613,0.675
451,0.431,0.669,0.421,-0.925,-0.737,-0.643,0.283,0.219,0.671,-0.587
452,0.877,-0.793,0.139,-0.211,0.439,-0.339,-0.849,-0.369,-0.355,0.647
453,0.543,0.141,0.913,-0.717,0.573,-0.515,0.713,0.341,0.219,0.559
454,-0.603,-0.677,0.407,0.675,-0.873,0.821,0.065,-0.969,-0.991,0.427
455,-0.305,-0.145,0.401,0.045,-0.515,0.123,-0.729,-0.533,-0.669,-0.423
456,-0.653,0.077,-0.743,-0.183,0.233,0.409,0.863,-0.461,-0.671,-0.639
457,-0.361,-0.277,0.881,0.999,-0.549,0.567,-0.499,-0.171,-0.453,0.861
458,0.129,-0.745,-0.227,0.709,0.295,0.353,-0.151,-0.209,-0.237,0.953
459,-0.553,0.125,-0.635,0.683,0.211,0.293,-0.551,-0.031,-0.263,-0.821
460,-0.087,0.763,0.717,0.051,0.105,-0.385,-0.455,0.397,0.789,-0.573
461,-0.321,-0.865,0.227,0.861,0.765,0.697,-0.357,-0.839,-0.931,0.365
462,-0.395,0.055,-0.641,0.759,-0.075,0.399,-0.197,0.001,0.003,0.059
463,-0.545,-0.669,-0.021,0.135,0.197,0.811,0.891,-0.511,-0.711,0.591
464,0.011,-0.011,-0.931,0.351,0.309,0.153,-0.807,-0.267,-0.551,-0.799
465,0.113,0.481,0.287,-0.323,-0.997,-0.499,-0.595,0.275,0.397,-0.865
466,-0.583,-0.495,-0.867,0.527,-0.135,0.749,-0.241,-0.921,-0.913,-0.497
467,0.627,0.591,-0.877,-0.517,-0.187,-0.821,-0.365,0.413,-0.125,-0.213
468,-0.297,-0.555,0.429,0.845,0.943,0.643,0.083,-0.207,-0.243,0.239
469,-0.171,0.953,-0.301,-0.303,0.691,-0.475,0.563,0.701,0.957,-0.477
470,0.813,-0.813,0.061,-0.105,0.709,-0.383,-0.905,-0.223,0.021,0.515
471,0.067,0.315,0.877,0.395,0.929,-0.025,-0.417,0.685,0.511,-0.089
472,0.723,-0.991,-0.667,-0.943,0.131,-0.123,0.679,-0.817,-0.909,0.829
473,-0.841,-0.019,-0.397,0.195,0.481,0.799,0.671,-0.341,-0.643,-0.487
474,0.231,-0.481,-0.963,0.049,0.919,0.233,-0.619,-0.653,-0.523,-0.407
475,-0.775,0.131,-0.943,0.359,-0.585,0.771,0.081,0.013,-0.037,0.019
476,0.639,0.403,0.971,-0.251,0.967,-0.827,-0.923,0.539,0.985,-0.385
477,0.663,0.557,-0.081,-0.799,-0.837,-0.917,-0.795,0.357,-0.327,-0.849
478,0.065,-0.523,-0.279,0.031,-0.559,0.337,0.449,-0.587,-0.447,0.291
479,0.329,0.841,-0.061,-0.201,0.947,-0.905,-0.647,0.699,0.301,-0.707
480,-0.157,0.245,-0.253,-0.393,-0.953,-0.201,-0.343,-0.357,-0.321,-0.687
481,0.195,0.469,-0.745,-0.739,0.795,-0.267,0.989,-0.063,0.253,-0.121
482,-0.411,0.457,-0.175,0.301,0.813,0.183,0.017,0.005,-0.465,-0.575
483,0.135,0.575,0.831,-0.651,-0.463,-0.639,-0.129,0.705,0.467,-0.297
484,0.461,0.059,0.475,-0.041,0.317,-0.545,-0.655,0.787,0.923,0.051
485,-0.999,-0.319,-0.313,0.371,0.925,0.909,0.721,-0.843,-0.629,-0.291
486,-0.539,0.207,0.223,0.991,-0.829,0.383,-0.059,0.059,-0.121,0.277
487,0.163,0.543,-0.579,-0.511,-0.507,-0.529,0.773,0.969,0.763,0.263
488,-0.723,-0.855,-0.351,0.783,0.273,0.959,0.461,-0.871,-0.999,0.661
489,-0.819,0.653,0.183,0.159,-0.943,0.275,0.379,0.569,0.739,-0.817
490,0.193,-0.427,-0.133,-0.099,0.431,0.221,0.311,0.319,0.447,0.965
491,0.309,0.359,-0.825,-0.139,0.109,-0.461,-0.699,-0.087,-0.357,-0.439
492,-0.997,0.785,-0.741,0.477,-0.137,0.711,0.925,0.507,0.787,-0.923
493,-0.253,-0.545,-0.845,0.891,-0.689,0.395,-0.951,-0.739,-0.443,0.499
494,-0.155,0.869,0.729,-0.471,-0.481,-0.265,0.941,0.771,0.585,-0.537
495,0.679,-0.893,-0.933,-0.435,-0.359,-0.185,-0.371,-0.437,-0.599,0.947
496,-0.729,0.237,0.681,0.389,0.615,0.605,0.573,0.901,0.771,0.431
497,0.787,-0.349,0.925,-0.399,0.819,-0.585,-0.743,0.065,0.203,0.335
498,0.755,0.179,-0.033,-0.033,0.359,-0.671,-0.609,0.899,0.255,0.033
499,0.007,-0.979,-0.025,0.583,0.619,0.557,-0.421,-0.701,-0.911,0.907
500,-0.093,0.791,-0.677,-0.185,-0.497,-0.393,0.261,0.903,0.575,-0.103
501,0.615,0.121,-0.431,-0.289,-0.551,-0.537,-0.267,0.427,0.475,0.425
502,0.075,-0.731,-0.835,-0.685,-0.887,0.189,0.835,-0.869,-0.707,0.273
503,0.625,-0.469,-0.241,0.121,0.061,0.059,-0.839,-0.753,-0.773,-0.375
504,0.735,-0.877,-0.011,-0.539,0.659,0.085,0.781,-0.319,-0.457,0.981
505,-0.739,-0.383,-0.879,0.875,0.299,0.991,0.687,-0.791,-0.365,-0.207
506,0.745,0.303,0.367,-0.995,-0.937,-0.895,-0.789,0.387,0.461,-0.787
507,-0.017,0.397,0.911,-0.575,0.101,-0.437,-0.103,-0.205,0.395,-0.421
508,-0.555,-0.843,-0.251,0.901,0.261,0.839,-0.091,-0.863,-0.779,0.571
509,0.533,0.767,0.767,-0.975,0.279,-0.959,-0.159,0.995,0.777,-0.493
510,-0.289,0.057,0.555,0.287,-0.977,0.051,-0.593,0.889,0.391,0.197
511,0.127,0.461,0.781,-0.557,-0.113,-0.403,0.179,-0.309,-0.489,-0.669
512,0.819,-0.517,-0.961,-0.743,0.753,-0.363,-0.085,-0.609,-0.731,0.245
513,0.349,0.703,0.691,-0.555,0.495,-0.493,0.655,0.307,0.319,-0.195
514,0.857,0.659,0.115,-0.999,-0.597,-0.949,-0.025,0.679,0.833,-0.769
515,-0.041,-0.627,-0.269,0.123,0.837,0.447,0.105,-0.499,-0.299,0.165
516,-0.205,-0.309,0.879,0.737,0.927,0.345,-0.263,-0.283,0.029,-0.061
517,0.473,0.305,0.993,-0.689,0.763,-0.739,-0.599,0.007,-0.109,-0.107
518,0.583,-0.857,-0.291,-0.375,-0.047,0.273,0.893,-0.143,0.593,0.969
519,0.245,0.939,0.133,-0.825,0.767,-0.757,0.819,0.527,0.315,-0.395
520,0.451,-0.759,-0.773,0.399,-0.555,0.127,-0.917,-0.667,-0.719,0.787
521,-0.397,-0.261,0.063,0.563,0.809,0.491,-0.007,0.671,0.261,0.561
522,0.285,0.235,-0.855,0.373,-0.431,-0.435,-0.845,0.703,0.131,-0.341
523,0.983,-0.933,0.991,-0.493,0.979,-0.465,-0.769,-0.641,-0.423,0.903
524,-0.225,-0.051,0.827,0.849,0.391,0.101,-0.737,0.161,-0.115,0.047
525,0.293,-0.789,-0.455,0.171,0.815,0.311,-0.757,-0.985,-0.861,-0.255
526,-0.947,-0.449,-0.997,0.813,-0.605,0.989,0.871,-0.807,-0.609,-0.143
527,0.563,0.699,-0.345,-0.583,0.289,-0.893,0.009,0.797,0.081,-0.201
528,0.693,-0.273,0.161,-0.729,-0.339,-0.301,0.503,-0.401,-0.673,0.217
529,-0.417,-0.241,0.309,0.145,-0.175,0.597,0.645,-0.041,-0.023,0.621
530,0.557,-0.681,-0.929,-0.047,-0.469,-0.121,-0.893,-0.435,-0.639,0.993
531,0.483,0.407,-0.971,-0.791,-0.919,-0.635,0.495,0.089,-0.289,-0.285
532,0.209,-0.093,-0.071,0.905,0.039,-0.241,-0.615,0.595,0.649,0.311
533,0.943,-0.021,0.213,-0.883,0.941,-0.777,0.121,-0.033,0.561,0.383
534,-0.007,-0.809,-0.299,0.489,-0.613,0.507,-0.063,-0.901,-0.875,0.939
535,-0.443,0.967,-0.567,-0.445,0.777,-0.257,0.973,0.557,0.711,-0.589
536,-0.821,-0.257,0.809,0.903,0.033,0.889,0.959,-0.347,0.065,0.171
537,0.701,-0.873,-0.731,-0.159,-0.453,-0.105,-0.771,-0.855,-0.765,0.815
538,0.211,0.387,0.075,-0.009,0.655,0.005,-0.175,-0.391,-0.203,-0.659
539,-0.465,0.879,0.009,0.397,0.539,-0.097,-0.093,0.281,0.851,-0.919
540,-0.779,0.781,-0.405,0.069,-0.227,0.259,0.767,0.549,0.589,-0.245
541,-0.559,-0.097,0.963,0.907,0.169,0.689,0.625,-0.019,-0.531,0.085
542,0.445,0.625,0.019,-0.659,0.843,-0.543,0.763,0.533,0.919,0.203
543,-0.557,0.299,-0.819,-0.231,0.577,0.087,0.539,0.159,-0.089,0.135
544,-0.525,-0.229,0.521,-0.001,-0.475,0.757,0.881,-0.195,-0.181,0.237
545,-0.249,-0.605,-0.893,0.435,-0.253,0.479,-0.435,-0.763,-0.893,0.189
546,0.123,-0.817,-0.489,0.183,0.879,0.517,0.045,-0.661,-0.573,0.187
547,0.237,-0.835,-0.753,-0.233,-0.969,0.339,0.667,-0.693,-0.637,0.795
548,0.781,0.685,-0.193,-0.931,0.313,-0.997,-0.691,0.727,0.705,-0.793
549,-0.683,-0.333,0.215,0.953,-0.775,0.919,0.965,-0.387,-0.799,0.265
550,-0.415,-0.295,-0.057,0.997,0.245,0.429,-0.553,-0.473,-0.157,-0.355
551,-0.671,0.753,-0.955,0.087,0.447,0.091,0.451,0.713,0.091,-0.187
552,-0.353,-0.109,-0.435,0.431,-0.045,0.157,-0.209,0.067,0.025,0.541
553,-0.817,0.435,-0.119,0.513,-0.401,0.521,0.397,-0.073,0.121,-0.545
554,-0.707,0.867,-0.541,0.213,0.327,0.041,0.361,0.285,0.373,-0.955
555,0.905,0.377,-0.249,-0.453,0.499,-0.849,-0.995,-0.009,0.755,-0.503
556,0.687,0.761,0.059,-0.965,-0.001,-0.951,-0.083,0.201,0.695,-0.877
557,-0.267,-0.207,-0.089,-0.553,-0.961,0.205,0.927,-0.211,0.147,-0.019
558,-0.781,-0.327,-0.805,0.641,-0.903,0.943,0.273,-0.589,-0.631,-0.225
559,-0.923,-0.045,-0.821,0.541,0.635,0.985,0.771,-0.325,-0.401,-0.443
560,-0.785,-0.497,-0.223,0.497,0.343,0.907,0.701,-0.687,-0.615,0.079
561,0.139,0.661,0.473,-0.361,-0.749,-0.589,-0.157,0.947,0.347,-0.711
562,-0.839,-0.167,-0.859,0.449,-0.607,0.813,0.175,-0.549,0.083,-0.749
563,0.873,0.067,0.485,-0.547,-0.465,-0.707,-0.841,0.517,0.981,0.201
564,0.471,-0.165,-0.037,-0.719,0.521,-0.345,0.263,-0.745,-0.625,-0.239
565,-0.405,-0.437,-0.083,0.605,0.441,0.549,-0.099,-0.275,-0.139,0.161
566,0.975,0.231,-0.781,-0.881,-0.831,-0.971,-0.825,0.603,0.845,-0.301
567,-0.899,0.105,0.851,0.647,0.059,0.857,0.955,0.667,0.215,0.627
568,0.241,0.877,0.679,-0.935,-0.713,-0.673,0.769,0.879,0.821,-0.957
569,0.577,-0.265,-0.389,0.867,-0.051,-0.183,-0.949,0.505,0.539,0.409
570,-0.939,0.881,0.825,0.707,0.463,0.367,0.695,0.931,0.885,-0.731
571,0.331,-0.913,-0.937,-0.951,0.921,-0.271,0.059,-0.947,-0.877,0.443
572,-0.501,0.865,0.743,0.161,-0.077,-0.079,0.219,0.801,0.691,-0.449
573,0.849,0.265,0.089,-0.861,-0.929,-0.885,-0.427,0.757,0.285,-0.157
574,0.493,0.003,0.279,-0.747,-0.237,-0.305,0.497,-0.645,-0.371,-0.379
575,0.109,0.857,0.531,-0.923,-0.129,-0.709,0.579,0.399,0.603,-0.553
576,-0.053,0.765,-0.051,-0.349,-0.939,-0.453,0.247,0.769,0.517,-0.567
577,-0.945,0.745,-0.515,0.483,-0.813,0.535,0.529,0.515,0.367,-0.519
578,-0.313,0.977,-0.575,-0.295,0.329,-0.573,0.637,0.975,0.423,-0.629
579,0.433,-0.291,0.789,-0.479,0.625,-0.309,0.149,-0.217,-0.025,0.227
580,0.381,0.871,-0.285,-0.507,-0.179,-0.579,0.739,0.749,0.769,-0.203
581,-0.473,-0.927,0.249,0.893,0.945,0.791,-0.177,-0.489,-0.047,0.943
582,-0.871,0.647,0.821,0.881,0.337,0.581,0.869,-0.187,0.909,-0.985
583,0.919,-0.353,-0.865,-0.103,-0.641,-0.605,-0.915,0.723,0.173,0.565
584,-0.713,-0.221,0.787,0.657,-0.753,0.493,-0.877,0.223,0.717,-0.777
585,0.689,0.385,-0.953,-0.961,0.013,-0.751,0.393,0.091,-0.471,-0.053
586,0.797,0.741,-0.155,-0.803,-0.727,-0.897,0.103,0.751,0.623,-0.973
587,-0.471,0.861,-0.255,-0.193,0.371,-0.107,0.877,0.483,-0.281,-0.485
588,-0.319,0.099,0.135,0.963,0.907,-0.003,-0.865,-0.149,-0.563,-0.671
589,-0.145,-0.985,-0.881,0.811,0.933,0.903,-0.591,-0.823,-0.977,0.657
590,-0.849,-0.217,-0.067,0.821,-0.979,0.865,0.789,-0.359,-0.197,0.275
591,-0.169,0.549,-0.585,0.329,-0.709,-0.269,-0.161,0.971,0.813,-0.321
592,0.571,-0.063,-0.139,-0.277,0.953,-0.333,-0.579,-0.497,-0.737,-0.397
593,-0.721,-0.543,0.779,0.493,-0.995,0.911,0.457,-0.933,-0.769,0.121
594,-0.533,0.401,-0.185,0.173,-0.771,-0.113,-0.271,0.725,0.265,0.045
595,0.671,-0.907,-0.717,-0.679,0.705,-0.067,0.063,-0.471,-0.353,0.811
596,-0.247,0.595,0.003,-0.035,-0.707,-0.071,0.221,0.177,0.437,-0.685
597,-0.641,0.425,-0.547,0.299,-0.661,-0.085,-0.535,0.287,-0.193,-0.861
598,-0.219,0.913,0.565,-0.077,0.557,-0.587,-0.143,0.327,0.355,-0.853
599,-0.917,0.737,0.293,0.741,-0.461,0.657,0.889,0.551,0.201,-0.753
600,0.715,0.023,0.285,-0.377,-0.701,-0.457,-0.469,0.537,0.107,0.355
601,-0.341,-0.471,-0.105,0.715,-0.665,0.545,-0.741,-0.449,-0.483,0.423
602,-0.803,-0.589,-0.217,0.571,0.711,0.983,0.947,-0.615,-0.515,0.331
603,0.683,0.919,-0.571,-0.455,0.887,-0.873,-0.245,0.511,-0.231,-0.735
604,0.379,0.855,0.417,-0.985,-0.197,-0.661,0.909,0.277,0.995,-0.807
605,-0.937,-0.043,-0.523,0.819,-0.117,0.823,0.371,-0.441,-0.313,-0.263
606,0.141,-0.489,-0.491,-0.269,-0.523,0.111,-0.011,-0.991,-0.889,-0.197
607,0.497,0.039,-0.463,-0.793,0.861,-0.569,0.331,-0.233,0.163,0.065
608,0.917,-0.597,-0.807,-0.783,-0.183,-0.447,-0.369,-0.967,-0.863,0.061
609,-0.705,-0.269,-0.763,0.485,0.201,0.773,0.073,-0.189,0.145,-0.167
610,0.653,-0.727,0.091,-0.165,0.551,0.131,0.267,-0.137,0.227,0.921
611,0.057,0.193,0.737,-0.491,0.305,-0.141,0.731,-0.579,-0.057,-0.597
612,-0.929,0.317,-0.349,0.679,-0.553,0.795,0.775,0.099,-0.123,-0.233
613,-0.439,0.283,-0.977,-0.037,-0.543,0.355,0.323,-0.443,-0.709,-0.725
614,0.717,0.341,0.207,-0.775,-0.809,-0.915,-0.887,0.857,0.277,-0.585
615,0.223,0.985,0.951,-0.693,0.873,-0.631,0.987,0.673,0.569,-0.689
616,-0.957,0.585,-0.247,0.381,-0.265,0.627,0.845,0.559,0.723,-0.305
617,-0.123,-0.815,-0.935,-0.369,-0.379,0.425,0.591,-0.255,-0.187,0.929
618,0.177,0.553,0.651,-0.423,0.007,-0.531,-0.189,0.039,-0.131,-0.373
619,0.561,0.623,-0.671,-0.919,-0.683,-0.991,-0.545,0.855,0.807,-0.961
620,0.661,0.581,0.465,-0.765,0.487,-0.783,0.289,0.917,0.999,0.353
621,0.351,0.083,-0.215,0.327,0.341,-0.373,-0.921,0.325,0.991,-0.307
622,0.029,0.551,-0.705,0.579,-0.123,-0.429,-0.675,0.897,0.977,-0.943
623,-0.325,0.969,-0.475,-0.385,0.259,-0.451,0.867,0.977,0.793,-0.367
624,-0.107,0.047,0.513,-0.311,-0.385,-0.057,0.095,0.209,0.781,0.303
625,-0.469,0.561,0.067,0.509,-0.317,0.027,0.079,0.905,0.531,0.179
626,-0.655,0.923,0.973,0.289,0.547,-0.161,0.109,0.941,0.721,-0.699
627,-0.941,0.515,-0.433,0.645,0.125,0.467,0.509,0.991,0.365,0.113
628,0.929,0.335,-0.711,-0.819,0.791,-0.979,-0.861,0.575,0.385,-0.087
629,-0.637,0.191,-0.173,0.429,0.543,0.417,0.053,0.489,0.857,0.009
630,0.063,0.975,0.321,-0.629,0.789,-0.717,0.305,0.199,0.911,-0.949
631,0.949,-0.859,0.633,-0.957,-0.087,-0.407,-0.219,-0.833,-0.925,0.651
632,0.529,0.375,-0.939,0.377,-0.415,-0.565,-0.785,0.793,0.875,-0.621
633,0.103,-0.245,-0.361,0.085,-0.667,0.093,-0.397,-0.127,0.125,0.435
634,0.567,-0.965,-0.211,-0.327,-0.791,-0.035,0.389,-0.913,-0.825,0.997
635,0.275,-0.561,-0.239,0.015,0.387,0.191,-0.205,-0.605,0.153,0.107
636,-0.117,0.211,-0.213,0.797,-0.131,0.081,-0.167,0.459,0.551,0.347
637,0.025,-0.375,-0.827,0.167,-0.883,0.135,-0.837,-0.059,-0.335,0.871
638,-0.543,-0.761,-0.391,0.625,0.651,0.901,0.193,-0.975,-0.617,0.069
639,0.891,-0.143,0.393,-0.293,0.171,-0.799,-0.913,0.609,0.443,0.103
640,0.247,-0.791,0.385,0.237,-0.455,0.269,-0.233,-0.803,-0.717,0.979
641,0.523,-0.511,0.345,-0.143,0.781,-0.083,-0.289,-0.799,-0.487,0.081
642,-0.565,-0.303,0.931,0.129,-0.767,0.393,-0.819,0.353,0.537,-0.231
643,-0.129,-0.033,0.919,0.597,0.119,0.099,-0.635,-0.405,-0.517,-0.775
644,0.545,0.455,0.721,-0.839,0.729,-0.933,-0.903,0.093,0.117,-0.377
645,-0.541,-0.079,0.469,0.421,-0.073,0.745,0.831,-0.295,-0.069,-0.039
646,0.677,0.689,0.057,-0.741,0.727,-0.987,-0.567,0.925,0.697,-0.293
647,-0.869,0.663,0.673,0.185,-0.025,0.303,0.853,-0.109,0.137,-0.677
648,-0.743,0.229,-0.509,0.163,-0.595,0.733,0.939,0.197,0.519,-0.125
649,0.155,0.875,-0.277,-0.771,0.331,-0.969,0.025,0.849,0.553,-0.695
650,-0.357,-0.861,-0.591,-0.087,0.629,0.881,0.991,-0.785,-0.853,0.525
651,-0.387,-0.725,-0.771,-0.051,0.553,0.871,0.861,-0.565,-0.303,0.297
652,-0.185,-0.163,0.677,0.967,0.159,0.083,-0.685,0.245,0.309,0.645
653,0.861,0.101,-0.787,-0.745,-0.629,-0.785,-0.089,0.647,0.129,0.583
654,0.669,-0.743,0.769,-0.273,0.443,-0.005,0.279,-0.237,-0.143,0.755
655,0.169,-0.737,-0.113,-0.735,-0.949,0.201,0.657,-0.781,-0.507,0.343
656,-0.629,-0.531,-0.385,0.659,-0.859,0.899,-0.521,-0.965,-0.979,-0.563
657,0.841,0.163,-0.297,-0.757,-0.259,-0.805,-0.095,0.439,-0.209,0.589
658,-0.527,-0.711,0.507,0.857,-0.443,0.817,0.505,-0.847,-0.693,0.719
659,-0.727,0.309,0.563,0.445,-0.663,0.717,0.407,0.193,0.159,-0.505
660,0.937,-0.431,0.897,-0.835,-0.093,-0.747,-0.945,-0.085,-0.031,0.401
661,-0.263,-0.415,0.849,0.331,0.533,0.381,-0.213,0.033,0.127,0.399
662,-0.625,-0.781,-0.871,0.375,0.293,0.975,0.943,-0.749,-0.525,0.299
663,0.991,-0.425,0.005,-0.921,0.089,-0.759,0.099,0.117,-0.019,0.975
664,0.151,0.941,0.585,-0.669,-0.315,-0.677,0.797,0.951,0.731,-0.875
665,0.347,-0.945,-0.919,-0.443,0.397,0.047,-0.239,-0.521,-0.449,0.933
666,-0.741,-0.351,-0.655,0.947,-0.947,0.891,0.199,-0.919,-0.967,-0.461
667,0.081,0.727,0.981,-0.789,-0.149,-0.591,0.431,0.675,0.993,-0.165
668,-0.385,0.687,-0.899,0.101,-0.331,0.133,0.085,0.081,-0.043,-0.889
669,-0.383,0.799,0.007,-0.635,-0.975,-0.341,0.855,0.583,0.625,-0.785
670,0.973,-0.551,-0.685,-0.613,0.503,-0.415,-0.033,-0.101,-0.005,0.587
671,-0.477,-0.609,0.399,0.671,-0.591,0.761,0.089,-0.735,-0.537,0.711
672,-0.133,0.355,-0.111,-0.271,0.703,-0.213,0.463,0.739,0.613,0.585
673,0.711,0.417,-0.833,-0.873,0.085,-0.881,-0.305,-0.215,-0.411,-0.591
674,0.449,0.775,0.861,-0.749,0.905,-0.903,-0.273,0.747,0.651,-0.057
675,0.337,0.393,-0.135,-0.505,-0.747,-0.327,0.785,0.621,0.275,0.193
676,0.159,0.797,-0.109,-0.837,-0.935,-0.729,0.565,0.581,0.887,-0.905
677,0.521,-0.831,-0.809,-0.149,-0.365,-0.135,-0.719,-0.939,-0.887,0.387
678,0.643,0.135,0.109,0.321,0.207,-0.405,-0.663,0.869,-0.301,0.029
679,0.053,-0.557,0.939,0.979,0.303,0.239,-0.855,-0.395,-0.509,0.295
680,0.807,0.093,-0.533,-0.509,-0.403,-0.719,-0.505,0.135,0.269,0.251
681,-0.573,-0.103,-0.545,0.663,-0.801,0.647,0.433,-0.183,-0.325,0.555
682,0.045,0.915,-0.847,-0.243,-0.311,-0.517,0.515,0.791,0.947,-0.663
683,-0.493,-0.159,0.187,-0.275,-0.823,0.473,0.691,0.095,-0.309,0.479
684,0.153,-0.595,0.283,0.589,0.311,0.245,-0.523,-0.403,0.095,0.695
685,0.201,0.891,0.641,-0.625,0.707,-0.823,-0.077,0.279,0.263,-0.705
686,-0.551,-0.685,-0.417,0.985,0.381,0.829,0.001,-0.639,-0.789,0.487
687,-0.427,0.773,-0.107,0.017,0.513,-0.103,0.209,0.031,0.339,-0.709
688,-0.771,-0.175,0.431,0.411,0.389,0.619,0.367,0.391,-0.219,0.593
689,0.325,0.459,0.149,0.385,0.473,-0.535,-0.723,0.807,0.843,-0.509
690,-0.967,0.437,0.119,0.969,0.283,0.819,0.995,-0.345,-0.249,-0.859
691,-0.043,-0.233,-0.965,-0.255,0.961,0.285,0.387,-0.537,-0.333,-0.175
692,-0.757,-0.283,-0.483,0.111,-0.003,0.835,0.859,-0.005,0.133,0.699
693,-0.837,0.159,0.709,-0.007,-0.963,0.917,0.829,0.211,0.023,0.225
694,0.555,0.287,-0.647,0.137,0.601,-0.593,-0.715,0.813,0.749,-0.253
695,0.269,-0.397,0.749,0.833,0.723,0.037,-0.899,0.037,-0.211,0.285
696,-0.791,0.655,0.129,0.081,0.205,0.203,0.749,0.913,0.615,0.147
697,-0.981,0.173,-0.729,0.815,-0.533,0.789,0.299,-0.115,-0.587,-0.313
698,0.435,-0.301,-0.077,-0.551,0.617,-0.315,0.245,-0.575,-0.473,-0.145
699,-0.429,-0.199,0.441,0.753,0.351,0.387,-0.361,-0.767,-0.755,-0.643
700,0.243,-0.615,0.567,0.063,0.173,0.433,0.729,-0.567,-0.421,0.395
701,0.845,-0.775,-0.769,-0.721,-0.699,-0.379,-0.323,-0.821,-0.601,0.789
702,-0.897,0.327,0.525,0.689,-0.421,0.701,0.653,0.049,0.155,-0.415
703,0.501,-0.719,-0.957,-0.023,-0.427,0.167,-0.187,-0.491,-0.511,0.919
704,-0.301,-0.621,0.307,0.919,0.081,0.667,-0.001,-0.733,-0.367,0.393
705,0.869,-0.585,-0.125,-0.463,0.859,-0.547,-0.829,-0.581,-0.565,0.283
706,0.315,-0.767,-0.041,-0.379,-0.619,-0.043,-0.587,-0.949,-0.929,0.351
707,0.791,-0.071,0.723,-0.141,-0.633,-0.165,-0.627,0.743,0.765,0.563
708,-0.989,0.277,-0.577,0.897,-0.999,0.675,-0.067,-0.023,-0.369,-0.637
709,-0.517,0.559,0.029,-0.059,-0.143,0.075,0.923,0.375,0.259,-0.223
710,0.531,0.635,-0.889,-0.533,-0.499,-0.867,-0.355,0.363,0.801,-0.651
711,0.225,0.981,0.873,-0.647,0.183,-0.713,0.807,0.891,0.951,-0.967
712,0.087,0.571,0.191,0.029,0.461,-0.525,-0.407,0.649,0.745,-0.173
713,-0.303,-0.593,0.291,0.653,-0.283,0.509,-0.733,-0.607,0.333,0.215
714,-0.829,0.451,-0.817,0.537,0.229,0.449,-0.053,0.293,-0.439,-0.965
715,-0.809,0.693,0.403,0.965,-0.011,0.137,-0.341,0.923,0.953,-0.533
716,0.517,0.529,0.495,0.039,-0.111,-0.521,-0.705,0.827,0.645,-0.603
717,0.519,-0.487,0.467,0.095,0.075,-0.485,-0.863,0.861,0.735,0.375
718,-0.243,0.187,-0.197,0.349,0.555,0.031,-0.425,0.305,0.335,-0.205
719,0.985,-0.223,0.449,-0.489,0.249,-0.793,-0.563,0.707,0.867,0.727
720,0.637,0.463,0.819,-0.959,-0.021,-0.787,-0.227,0.011,0.849,-0.517
721,0.447,0.519,0.335,-0.821,-0.729,-0.755,-0.111,0.335,0.959,-0.491
722,-0.085,0.075,0.575,0.193,0.339,0.143,0.255,-0.285,-0.399,-0.099
723,-0.333,0.887,0.755,-0.285,0.187,-0.421,0.635,0.141,0.497,-0.989
724,-0.487,-0.195,-0.159,0.677,-0.333,0.225,-0.709,-0.289,-0.747,0.447
725,0.763,0.641,-0.793,-0.963,-0.127,-0.981,-0.657,0.269,0.983,-0.813
726,-0.675,0.085,-0.001,0.201,0.801,0.419,0.291,-0.373,0.181,-0.437
727,-0.057,0.453,-0.849,-0.315,-0.545,-0.221,0.415,-0.261,-0.091,-0.547
728,-0.019,0.311,0.157,0.817,0.407,-0.239,-0.939,0.633,0.949,-0.569
729,0.143,0.917,-0.479,0.025,0.269,-0.613,-0.003,0.909,0.381,-0.743
730,0.279,0.221,-0.631,-0.331,0.151,-0.399,-0.097,-0.329,-0.257,-0.359
731,-0.279,-0.797,-0.225,0.721,0.411,0.777,-0.105,-0.561,-0.743,0.677
732,-0.845,0.017,0.457,0.873,-0.967,0.893,0.555,-0.303,0.505,-0.317
733,0.491,0.731,0.535,-0.667,-0.107,-0.925,-0.477,0.405,0.879,-0.977
734,-0.307,-0.821,-0.163,0.771,0.917,0.793,-0.249,-0.801,-0.869,0.145
735,0.833,0.331,-0.095,-0.987,-0.593,-0.957,-0.659,0.401,0.491,-0.557
736,-0.207,-0.455,0.989,-0.501,-0.473,0.199,-0.119,-0.675,-0.543,-0.135
737,-0.985,0.091,-0.473,0.781,-0.639,0.887,0.751,-0.451,-0.493,-0.387
738,-0.391,0.071,0.797,-0.167,-0.589,0.531,0.097,0.273,-0.235,0.419
739,0.569,0.873,-0.115,-0.499,0.579,-0.715,0.327,0.785,0.209,-0.365
740,-0.805,0.095,0.503,0.519,-0.847,0.713,-0.041,-0.169,-0.035,0.449
741,0.073,-0.477,-0.735,0.917,-0.173,0.215,-0.955,-0.479,-0.661,-0.111
742,-0.039,0.971,-0.353,-0.215,0.697,-0.439,0.525,0.615,0.805,-0.781
743,0.079,0.839,-0.539,0.007,-0.221,-0.683,-0.345,0.961,0.873,-0.831
744,0.287,-0.879,-0.895,0.109,-0.163,0.299,-0.149,-0.741,-0.679,0.917
745,-0.491,-0.663,0.351,0.747,-0.911,0.715,-0.509,-0.751,-0.475,0.893
746,-0.619,0.895,0.489,-0.049,0.349,-0.127,0.605,0.393,0.425,-0.583
747,-0.547,-0.371,0.675,0.131,-0.503,0.663,0.375,-0.439,-0.317,0.361
748,0.313,-0.619,-0.091,0.059,-0.207,0.033,-0.547,-0.699,-0.915,0.293
749,-0.647,0.069,0.125,0.755,0.191,0.577,0.165,-0.251,0.811,-0.329
750,-0.445,-0.671,0.219,0.259,-0.181,0.705,0.837,-0.717,-0.899,0.377
751,-0.717,-0.579,-0.991,0.773,-0.199,0.877,-0.257,-0.819,-0.811,-0.069
752,-0.021,0.081,0.405,0.511,0.911,-0.013,-0.481,0.585,0.509,0.063
753,0.071,-0.017,0.317,0.365,0.541,-0.179,-0.519,0.447,0.005,0.127
754,-0.233,0.921,-0.949,-0.933,0.117,-0.743,0.833,0.529,0.535,-0.527
755,-0.891,0.201,0.979,0.531,-0.089,0.915,0.847,0.469,-0.105,0.195
756,-0.687,0.021,0.169,0.413,-0.557,0.575,-0.255,-0.067,-0.349,-0.129
757,-0.623,0.113,0.235,0.859,0.019,0.307,0.363,0.627,-0.067,0.707
758,0.965,-0.819,-0.231,-0.245,-0.223,-0.139,-0.383,-0.873,-0.903,0.319
759,-0.327,0.569,-0.679,0.281,0.011,-0.051,-0.287,0.369,-0.245,-0.429
760,0.539,-0.875,-0.183,0.181,-0.447,0.055,-0.637,-0.793,-0.687,0.961
761,-0.203,0.097,-0.151,-0.305,0.747,0.003,0.445,-0.591,-0.647,-0.393
762,0.339,0.325,-0.421,-0.281,-0.407,-0.353,0.139,-0.001,0.057,-0.161
763,0.397,-0.225,-0.481,0.577,-0.671,-0.023,-0.975,0.229,0.501,-0.033
764,-0.365,0.943,0.935,-0.337,0.307,-0.381,0.733,0.815,0.271,-0.287
765,-0.865,0.353,-0.587,0.701,-0.039,0.665,0.349,0.403,-0.137,-0.739
766,-0.883,0.263,0.025,0.239,0.355,0.783,0.873,0.103,0.001,-0.095
767,0.595,0.439,-0.897,-0.705,-0.483,-0.659,0.313,0.371,-0.051,-0.001
768,0.549,-0.149,0.653,-0.043,0.133,-0.369,-0.891,0.085,-0.403,-0.151
769,0.179,0.997,0.221,-0.447,0.435,-0.625,0.815,0.967,0.533,-0.911
770,-0.973,0.241,-0.123,0.629,0.841,0.883,0.649,0.779,0.189,-0.005
771,0.291,0.987,-0.449,-0.949,0.687,-0.941,0.603,0.687,0.901,-0.933
772,0.439,0.955,0.447,-0.955,0.915,-0.877,0.561,0.531,0.715,-0.489
773,-0.607,0.705,0.077,0.013,-0.865,-0.031,0.203,0.547,0.917,-0.501
774,-0.251,0.465,0.245,0.367,-0.743,-0.169,-0.543,0.729,0.667,-0.857
775,-0.217,0.219,-0.267,0.437,-0.189,0.089,0.373,0.881,0.349,0.667
776,0.885,-0.651,-0.093,-0.813,0.549,-0.471,0.055,-0.363,-0.665,0.659
777,-0.835,0.505,0.359,0.769,-0.761,0.601,0.231,0.735,0.071,-0.811
778,-0.581,-0.957,-0.799,0.945,0.685,0.945,-0.313,-0.865,-0.987,0.941
779,0.049,-0.847,0.727,-0.663,-0.789,0.357,0.659,-0.993,-0.969,0.095
780,0.267,-0.973,-0.121,-0.101,0.445,0.237,0.435,-0.841,-0.751,0.835
781,-0.359,0.721,-0.179,-0.319,0.641,-0.283,0.405,-0.157,-0.041,-0.653
782,0.161,-0.901,0.713,0.739,0.257,0.527,-0.559,-0.689,-0.641,0.869
783,-0.615,-0.005,-0.551,0.643,-0.793,0.571,-0.173,-0.197,-0.393,0.043
784,0.587,0.611,-0.699,-0.457,0.129,-0.887,-0.473,0.513,0.035,-0.159
785,-0.103,0.601,-0.525,-0.239,-0.441,-0.335,0.597,0.637,0.809,0.003
786,-0.255,-0.405,0.085,0.989,-0.833,0.579,-0.821,-0.513,-0.971,0.313
787,0.827,0.577,-0.347,-0.979,-0.347,-0.985,-0.333,0.657,0.743,-0.673
788,-0.701,0.691,0.969,0.209,0.535,0.171,0.381,0.077,-0.285,-0.513
789,-0.335,-0.467,0.423,-0.117,-0.573,0.685,0.787,-0.203,-0.279,0.759
790,0.941,0.395,-0.633,-0.983,0.529,-0.963,-0.725,-0.043,0.343,-0.289
791,-0.651,-0.169,0.801,0.877,-0.653,0.653,-0.607,-0.151,0.855,-0.971
792,0.963,-0.135,0.891,-0.763,0.403,-0.791,-0.765,0.217,0.835,0.453
793,-0.455,-0.771,-0.945,0.033,0.803,0.949,0.757,-0.557,-0.857,0.607
794,0.867,-0.845,-0.305,-0.355,0.493,-0.275,-0.711,-0.713,-0.337,0.693
795,-0.161,-0.655,-0.725,0.927,-0.965,0.703,-0.347,-0.987,-0.569,0.567
796,-0.643,0.213,0.539,0.061,-0.529,0.739,0.485,0.263,-0.003,0.529
797,0.283,-0.633,-0.779,0.005,0.165,0.125,-0.141,-0.465,-0.501,0.511
798,-0.065,0.711,-0.747,-0.287,-0.043,-0.685,-0.497,0.409,0.015,-0.467
799,-0.221,-0.435,0.445,-0.003,-0.959,0.481,-0.631,-0.355,0.257,0.915
800,0.623,0.587,0.267,-0.945,0.433,-0.989,-0.667,0.829,0.237,-0.241
801,0.301,0.307,0.185,-0.403,0.653,-0.645,-0.135,0.653,0.221,0.407
802,0.697,0.633,-0.293,-0.691,0.401,-0.931,-0.931,-0.131,0.239,-0.757
803,-0.067,-0.841,-0.583,0.245,-0.955,0.457,-0.997,-0.953,-0.917,0.631
804,-0.283,-0.547,-0.333,0.637,-0.511,0.655,-0.527,-0.697,-0.763,-0.179
805,-0.311,0.251,0.893,-0.203,0.875,0.023,0.639,0.381,0.479,0.389
806,-0.863,-0.483,-0.423,0.549,-0.343,0.933,0.737,-0.761,-0.829,-0.257
807,-0.951,0.189,0.617,0.695,0.405,0.905,0.969,0.137,0.417,-0.133
808,-0.239,0.065,0.175,0.743,-0.547,0.181,-0.835,0.235,0.463,-0.045
809,-0.827,-0.083,0.871,0.317,-0.917,0.809,-0.123,0.169,0.231,-0.369
810,-0.403,-0.715,-0.801,0.951,0.669,0.707,-0.575,-0.629,-0.907,0.153
811,-0.339,-0.275,0.663,-0.321,-0.609,0.451,0.557,-0.861,-0.841,-0.893
812,0.899,-0.779,0.163,-0.653,0.717,-0.495,-0.329,-0.555,-0.361,0.569
813,0.051,0.819,-0.611,-0.527,-0.531,-0.641,0.615,0.783,0.979,-0.611
814,0.001,-0.013,0.265,0.705,-0.857,0.169,-0.315,0.553,-0.133,0.845
815,0.779,-0.187,-0.903,-0.601,0.041,-0.519,0.161,0.577,-0.001,0.923
816,0.793,0.369,-0.767,-0.565,-0.843,-0.745,-0.665,0.131,-0.079,-0.465
817,-0.597,-0.567,-0.295,0.691,-0.769,0.837,0.759,-0.377,-0.275,0.849
818,-0.563,-0.341,0.463,0.401,0.497,0.801,0.719,0.079,-0.159,0.613
819,0.719,-0.587,-0.161,-0.075,-0.541,-0.143,-0.961,-0.457,-0.415,0.151
820,-0.855,0.823,0.231,-0.013,-0.867,-0.029,0.611,0.963,0.055,-0.283
821,-0.261,-0.583,-0.909,0.347,-0.717,0.421,-0.621,-0.635,0.019,0.031
822,-0.111,0.533,-0.045,0.337,0.877,-0.119,-0.507,-0.125,0.135,-0.951
823,0.085,0.579,-0.797,-0.391,-0.211,-0.419,0.275,-0.147,0.143,-0.755
824,0.407,-0.129,-0.911,-0.483,-0.239,-0.115,0.355,-0.517,-0.827,-0.085
825,0.881,0.223,0.339,-0.217,0.823,-0.845,-0.761,0.763,0.393,-0.041
826,0.207,-0.311,0.263,0.551,-0.383,-0.059,-0.965,0.503,0.139,0.509
827,-0.907,0.195,-0.415,0.529,-0.731,0.885,0.929,0.431,0.799,0.411
828,0.979,-0.347,0.137,-0.709,0.683,-0.875,-0.767,0.063,-0.155,0.705
829,-0.037,-0.031,0.277,-0.481,-0.811,0.019,0.223,0.155,0.233,0.581
830,0.273,0.011,0.933,0.217,0.255,-0.117,-0.801,0.359,0.283,-0.155
831,-0.703,-0.133,-0.419,0.555,-0.927,0.633,0.213,-0.155,-0.341,0.643
832,0.713,0.583,0.983,-0.605,0.121,-0.869,-0.979,0.317,0.819,-0.803
833,-0.013,-0.705,0.269,0.369,-0.241,0.411,0.189,-0.507,-0.675,0.853
834,0.055,-0.787,0.491,-0.121,-0.509,0.637,0.627,-0.663,-0.319,0.497
835,0.217,-0.069,-0.363,0.065,0.949,0.045,-0.211,-0.273,-0.247,-0.295
836,-0.963,0.717,-0.289,0.393,0.079,0.645,0.903,0.593,-0.163,-0.457
837,-0.189,-0.527,-0.811,-0.317,-0.327,0.595,0.945,-0.515,-0.463,0.259
838,-0.069,0.859,0.747,-0.785,-0.827,-0.629,0.583,0.535,-0.033,-0.997
839,0.725,0.527,0.383,-0.815,0.277,-0.853,-0.215,0.185,0.637,-0.199
840,0.601,-0.117,-0.569,0.231,0.049,-0.191,-0.747,-0.003,0.061,-0.079
841,-0.575,0.357,0.705,0.019,-0.439,0.343,0.181,-0.035,0.171,-0.445
842,-0.903,0.509,-0.331,0.591,0.147,0.439,0.177,-0.179,0.865,-0.991
843,-0.025,-0.123,-0.681,0.609,0.057,-0.195,-0.641,0.345,-0.227,0.489
844,-0.587,-0.667,0.739,0.791,0.449,0.729,0.429,-0.089,-0.167,0.775
845,0.233,0.957,0.305,-0.683,0.301,-0.831,0.537,0.911,0.933,-0.601
846,-0.657,-0.479,0.013,0.293,-0.923,0.843,0.507,-0.631,-0.265,0.527
847,0.181,-0.381,0.813,-0.113,0.885,0.519,0.745,-0.231,0.033,0.655
848,-0.275,-0.733,0.657,0.001,-0.513,0.497,-0.277,-0.945,-0.961,0.289
849,-0.011,0.951,0.591,-0.367,0.141,-0.803,0.039,0.921,0.655,-0.869
850,-0.147,-0.565,-0.373,0.805,-0.617,0.195,-0.625,-0.619,-0.233,0.751
851,0.077,0.821,0.869,0.459,0.975,-0.449,-0.449,0.871,0.895,-0.915
852,0.437,-0.361,-0.581,0.499,-0.489,-0.041,-0.793,-0.167,0.031,0.689
853,0.783,-0.863,0.097,-0.021,-0.449,0.021,-0.199,-0.627,-0.729,0.767
854,0.747,-0.921,-0.669,-0.389,-0.099,-0.237,-0.885,-0.875,-0.873,0.783
855,0.959,-0.127,0.647,-0.863,0.559,-0.779,-0.557,-0.225,0.179,0.235
856,-0.179,-0.723,0.439,0.487,0.883,0.629,0.243,0.195,-0.199,0.927
857,-0.113,-0.029,-0.169,0.639,-0.881,0.227,-0.603,0.107,-0.405,0.385
858,0.789,-0.887,0.609,0.177,0.367,-0.281,-0.973,-0.075,-0.375,0.985
859,0.799,0.103,0.771,-0.671,-0.245,-0.621,-0.809,-0.015,0.961,-0.023
860,-0.537,0.609,0.259,0.475,-0.055,0.287,0.499,0.795,0.859,-0.119
861,0.185,0.433,-0.237,-0.157,-0.643,-0.411,-0.879,-0.069,0.431,-0.701
862,0.997,-0.679,0.035,-0.997,-0.165,-0.611,-0.781,-0.797,-0.741,0.089
863,0.951,-0.209,-0.535,-0.903,0.145,-0.815,-0.827,-0.657,-0.805,-0.261
864,0.607,-0.645,-0.157,-0.513,0.865,-0.053,0.423,-0.853,-0.595,0.199
865,-0.215,-0.959,-0.275,0.975,0.989,0.987,0.471,-0.925,-0.749,0.791
866,0.465,0.627,-0.429,-0.345,-0.023,-0.669,-0.381,0.053,0.507,-0.417
867,0.255,0.489,-0.371,-0.073,-0.309,-0.245,-0.269,-0.201,0.077,-0.835
868,-0.033,0.673,0.053,-0.871,-0.973,-0.487,0.823,0.523,0.679,-0.371
869,0.093,0.499,0.427,-0.081,-0.459,-0.359,-0.229,0.839,-0.087,-0.131
870,-0.213,0.833,0.331,0.023,0.607,-0.491,-0.201,0.329,0.327,-0.727
871,-0.199,0.605,-0.795,-0.135,0.469,-0.467,-0.393,0.069,0.115,-0.609
872,0.317,0.907,0.211,-0.849,-0.159,-0.909,0.427,0.831,0.839,-0.897
873,0.441,-0.287,0.929,-0.155,-0.645,-0.149,-0.843,0.715,0.487,0.057
874,0.083,-0.181,-0.447,0.113,-0.329,0.103,-0.493,-0.415,-0.527,-0.211
875,0.295,-0.155,-0.527,0.333,-0.981,0.025,-0.645,0.125,-0.085,0.931
876,0.303,0.271,-0.593,-0.411,0.113,-0.445,0.183,0.083,0.719,0.053
877,0.675,-0.575,0.655,-0.585,0.231,-0.181,0.647,-0.313,-0.217,0.421
878,0.573,-0.537,-0.517,-0.127,-0.429,-0.131,-0.303,-0.219,-0.843,0.805
879,0.767,0.479,-0.467,-0.085,0.937,-0.771,-0.565,0.973,0.605,-0.171
880,0.821,-0.299,0.107,-0.415,-0.307,-0.555,-0.459,0.323,0.289,0.761
881,0.897,-0.641,-0.409,-0.207,0.627,-0.501,-0.859,0.115,0.225,0.601
882,0.251,0.729,0.671,-0.767,0.869,-0.571,0.803,-0.311,0.975,-0.759
883,-0.759,-0.095,-0.153,0.847,-0.635,0.623,-0.193,-0.423,-0.821,0.167
884,-0.621,-0.661,0.805,0.977,0.613,0.947,0.981,-0.299,-0.529,0.639
885,0.547,0.863,-0.863,-0.989,0.955,-0.975,-0.495,0.167,0.877,-0.999
886,-0.375,-0.003,0.957,0.569,0.867,0.241,0.087,-0.897,-0.701,-0.529
887,-0.193,0.931,0.735,-0.817,0.179,-0.857,0.365,0.697,0.987,-0.885
888,-0.617,0.217,-0.597,0.091,-0.875,0.185,-0.057,0.423,-0.101,0.485
889,-0.163,-0.203,-0.445,0.665,-0.155,0.165,-0.517,0.061,0.063,0.075
890,0.585,-0.713,-0.609,-0.713,-0.375,-0.205,0.467,-0.599,-0.713,0.457
891,-0.599,0.999,0.487,0.277,0.839,-0.197,0.575,0.965,0.631,-0.981
892,0.971,-0.037,-0.387,-0.797,-0.007,-0.995,-0.925,0.981,0.643,0.141
893,0.945,-0.643,-0.605,-0.401,0.771,-0.695,-0.541,0.843,0.037,0.899
894,0.801,-0.981,0.233,-0.633,0.455,-0.321,0.057,-0.911,-0.797,0.895
895,0.553,0.165,0.203,-0.787,-0.171,-0.577,-0.179,-0.445,-0.739,-0.345
896,0.133,-0.709,0.039,-0.259,-0.915,0.389,0.805,-0.859,-0.791,0.247
897,-0.735,0.681,0.799,0.765,0.857,0.349,0.351,0.927,0.831,-0.299
898,-0.287,-0.549,0.311,0.779,0.897,0.515,-0.185,0.377,-0.153,0.803
899,-0.633,-0.401,0.817,0.465,-0.987,0.931,-0.555,-0.505,-0.441,0.175
900,0.009,0.523,0.375,0.879,0.325,-0.307,-0.805,0.845,0.279,-0.845
901,0.277,0.507,0.595,0.425,0.409,-0.563,-0.977,0.709,0.647,-0.959
902,0.281,0.929,-0.465,-0.913,0.523,-0.883,0.609,0.985,0.567,-0.237
903,0.355,0.567,0.583,-0.579,-0.305,-0.795,-0.673,0.267,0.853,-0.745
904,0.059,0.117,-0.985,-0.229,0.847,-0.251,0.051,0.271,0.785,0.271
905,0.757,-0.689,0.479,-0.603,-0.041,-0.189,0.119,-0.743,-0.771,0.437
906,0.369,0.491,-0.369,-0.431,0.515,-0.863,-0.651,0.339,0.547,-0.153
907,0.729,0.475,-0.059,-0.573,-0.213,-0.775,-0.409,0.151,-0.271,-0.383
908,-0.949,-0.227,0.903,0.335,-0.679,0.807,-0.075,-0.301,0.195,0.777
909,-0.269,0.531,0.523,-0.639,-0.133,-0.331,0.911,0.437,0.389,-0.051
910,-0.971,0.615,-0.709,0.601,-0.285,0.533,0.489,0.695,0.791,-0.325
911,0.541,-0.359,0.275,0.153,0.429,0.029,-0.683,-0.659,-0.919,-0.273
912,-0.001,0.827,0.835,-0.905,-0.377,-0.647,0.747,0.805,0.863,-0.625
913,-0.483,-0.461,-0.031,0.409,0.531,0.543,0.185,-0.277,-0.071,0.307
914,-0.667,0.089,-0.167,0.467,0.987,0.621,0.127,0.253,0.113,-0.183
915,0.013,0.901,0.777,-0.263,0.127,-0.649,-0.363,0.231,0.761,-0.975
916,0.597,-0.539,-0.203,-0.487,0.185,-0.261,0.447,-0.191,-0.013,0.531
917,0.183,-0.573,-0.531,0.215,-0.255,0.117,-0.279,-0.379,-0.513,0.579
918,-0.715,-0.505,-0.127,0.713,0.599,0.955,0.665,-0.429,-0.467,0.359
919,-0.987,0.145,0.195,0.795,0.863,0.815,0.705,-0.811,-0.783,-0.851
920,0.387,0.261,0.011,-0.607,0.689,-0.665,-0.191,-0.049,0.689,-0.043
921,-0.885,-0.067,0.605,0.075,-0.409,0.751,0.453,0.139,0.089,0.615
922,0.703,0.447,0.597,-0.937,0.063,-0.983,-0.991,0.835,0.565,-0.665
923,0.681,0.945,0.953,-0.587,0.517,-0.819,0.047,0.865,0.965,-0.657
924,-0.925,0.157,-0.039,0.777,0.491,0.965,0.997,0.477,0.103,0.037
925,-0.211,-0.807,0.117,0.283,0.365,0.405,-0.585,-0.899,-0.391,-0.137
926,-0.281,-0.513,0.519,0.507,-0.569,0.475,-0.857,-0.331,-0.575,-0.337
927,0.335,0.119,0.389,-0.869,-0.419,-0.401,0.827,0.407,0.175,0.429
928,-0.823,0.255,0.725,0.983,-0.687,0.585,0.409,0.203,0.247,0.451
929,-0.669,0.671,0.921,0.717,0.701,0.017,-0.283,0.677,0.773,-0.715
930,0.651,0.665,-0.271,-0.223,0.167,-0.841,-0.437,0.919,0.967,-0.219
931,-0.485,0.343,0.041,0.009,0.135,0.073,0.619,0.631,0.445,0.493
932,-0.567,0.349,0.209,0.787,0.969,0.455,-0.035,-0.177,-0.269,-0.873
933,0.173,0.449,0.975,-0.665,-0.891,-0.347,0.123,0.247,0.729,-0.453
934,-0.991,0.787,0.509,0.547,0.593,0.495,0.567,0.425,0.521,-0.891
935,0.385,-0.015,-0.503,-0.549,-0.921,-0.259,0.159,-0.327,0.359,-0.269
936,0.417,0.645,0.603,-0.811,0.415,-0.633,0.839,-0.077,0.935,-0.475
937,-0.969,0.965,0.257,0.463,0.511,0.291,0.937,0.443,0.871,-0.929
938,0.391,-0.699,0.843,0.685,0.713,0.121,-0.777,-0.227,-0.221,0.477
939,-0.029,0.815,0.733,-0.591,-0.773,-0.567,0.459,0.761,0.415,-0.751
940,0.479,-0.647,-0.887,-0.107,-0.825,0.095,0.145,-0.827,-0.871,0.177
941,0.487,-0.089,-0.497,-0.325,-0.271,-0.371,-0.909,-0.669,-0.477,-0.733
942,0.935,0.007,0.105,-0.795,0.903,-0.967,-0.927,0.291,0.357,0.337
943,0.167,-0.935,0.577,0.127,-0.109,0.615,0.783,-0.677,-0.307,0.825
944,-0.767,0.337,0.759,-0.029,0.451,0.379,0.983,0.563,0.439,0.315
945,0.033,0.837,0.167,-0.213,0.247,-0.443,0.385,0.365,0.485,-0.667
946,0.909,-0.153,0.669,-0.827,0.951,-0.859,-0.125,0.349,0.489,0.793
947,0.147,-0.073,0.239,-0.681,-0.757,0.009,0.481,-0.757,-0.607,-0.697
948,-0.059,-0.541,-0.627,0.253,0.657,0.313,-0.515,-0.737,-0.865,-0.279
949,-0.475,-0.741,0.751,0.869,-0.225,0.719,-0.235,-0.837,-0.897,0.799
950,0.289,-0.139,-0.981,-0.437,0.153,-0.037,0.211,-0.765,-0.885,-0.463
951,0.989,-0.243,-0.589,-0.971,0.067,-0.911,-0.611,-0.129,0.449,0.327
952,-0.511,-0.829,0.497,0.933,-0.355,0.849,0.707,-0.845,-0.627,0.703
953,-0.045,-0.237,0.333,0.735,-0.009,0.377,-0.451,-0.459,-0.267,-0.353
954,-0.047,-0.357,-0.375,-0.247,-0.537,0.173,0.681,-0.045,-0.127,0.595
955,0.665,-0.085,-0.775,0.241,0.751,-0.377,-0.967,0.385,0.753,-0.081
956,0.043,0.053,0.783,0.809,0.525,-0.007,-0.721,0.859,0.529,0.269
957,-0.159,-0.853,-0.069,0.415,-0.989,0.591,0.133,-0.995,-0.721,0.987
958,0.019,-0.355,0.021,0.119,0.569,0.445,0.725,-0.931,-0.823,-0.333
959,0.327,0.905,0.111,-0.617,0.561,-0.961,-0.137,0.895,0.903,-0.841
960,-0.747,-0.769,-0.869,0.959,0.223,0.999,0.985,-0.671,-0.503,0.465
961,0.389,0.733,-0.027,-0.981,-0.895,-0.843,0.345,0.435,0.191,-0.881
962,-0.649,-0.613,-0.761,0.585,0.661,0.995,0.993,-0.551,-0.725,0.381
963,0.889,-0.493,0.147,0.655,0.571,-0.273,-0.681,0.821,0.183,0.769
964,-0.927,0.697,0.741,0.823,-0.521,0.631,0.663,0.819,-0.213,-0.599
965,0.659,-0.801,0.247,-0.219,0.271,-0.039,0.359,-0.613,-0.689,0.599
966,0.399,0.429,-0.103,-0.461,-0.417,-0.523,0.569,0.933,0.351,0.459
967,0.357,-0.239,0.611,0.407,0.639,-0.247,-0.791,0.689,0.513,0.301
968,-0.833,0.713,0.177,0.981,-0.565,0.317,0.369,0.823,0.997,-0.571
969,0.641,0.477,0.387,-0.889,0.575,-0.735,-0.285,-0.253,0.435,-0.447
970,-0.889,0.045,0.649,0.447,-0.777,0.873,0.979,-0.065,0.307,-0.251
971,0.061,-0.997,-0.147,0.581,0.631,0.569,-0.739,-0.983,-0.949,0.935
972,0.581,-0.905,-0.839,-0.381,-0.243,0.057,0.441,-0.927,-0.957,0.551
973,-0.813,0.115,-0.311,0.941,0.895,0.609,-0.021,-0.025,0.353,-0.419
974,0.775,-0.639,0.795,-0.569,-0.101,-0.233,-0.465,-0.433,-0.849,0.413
975,0.685,-0.077,-0.607,-0.067,0.157,-0.503,-0.597,0.485,0.329,0.325
976,0.023,-0.183,-0.537,0.233,0.453,-0.081,-0.295,0.465,0.693,0.473
977,-0.377,-0.833,-0.549,0.141,0.693,0.617,0.271,-0.595,-0.819,0.617
978,0.995,-0.929,0.299,-0.661,0.267,-0.431,-0.399,-0.711,-0.705,0.881
979,0.027,-0.413,-0.323,0.079,-0.803,0.359,-0.281,-0.685,-0.621,0.013
980,-0.881,0.035,0.927,0.243,0.177,0.765,0.391,0.463,0.047,0.345
981,0.403,-0.889,0.865,-0.715,0.369,-0.209,0.543,-0.527,-0.567,0.749
982,0.091,0.847,0.205,-0.865,0.759,-0.657,0.809,0.175,0.109,-0.521
983,-0.873,0.033,-0.343,0.649,-0.345,0.847,0.715,-0.393,-0.651,-0.185
984,-0.381,-0.777,-0.683,0.595,0.175,0.691,-0.169,-0.495,-0.173,0.833
985,-0.479,0.445,0.453,0.517,-0.391,0.401,0.015,0.255,-0.129,-0.863
986,-0.627,-0.213,-0.707,0.987,-0.287,0.723,-0.387,-0.553,-0.801,-0.451
987,-0.241,-0.177,0.553,0.681,0.029,0.283,-0.661,0.073,0.101,-0.193
988,-0.857,0.517,0.101,0.687,-0.479,0.511,0.309,0.331,0.323,-0.789
989,-0.257,-0.559,0.199,0.315,-0.477,0.787,0.753,-0.485,-0.379,0.597
990,0.105,-0.687,0.627,-0.657,-0.631,0.207,0.631,-0.421,-0.097,0.439
991,-0.733,0.361,-0.439,0.887,0.353,0.351,0.227,0.613,0.197,0.007
992,0.375,0.497,0.909,-0.699,-0.085,-0.655,-0.401,0.239,-0.179,-0.331
993,0.847,0.473,-0.521,-0.929,-0.579,-0.837,-0.115,-0.083,-0.429,-0.435
994,-0.079,-0.635,-0.129,0.341,-0.945,0.347,-0.815,-0.501,-0.323,0.743
995,-0.965,0.853,-0.187,0.319,-0.841,0.281,0.795,0.599,0.245,-0.931
996,0.323,0.851,0.775,-0.187,0.361,-0.681,-0.307,0.351,0.433,-0.829
997,0.795,0.409,-0.629,-0.879,0.035,-0.761,0.301,0.355,0.941,0.363
998,0.855,-0.721,0.193,-0.025,0.485,-0.351,-0.799,-0.007,-0.329,0.715
999,-0.851,-0.395,-0.925,0.831,-0.275,0.981,0.607,-0.773,-0.691,0.001
